YEAR,TIMES,N1,N2,N3,N4,N5,N6,S1,Remarks
1996,46,17,8,9,15,7,13,4,1996年 6月11日第 46 期增加為 47球
1996,47,27,46,16,31,22,5,47,
1996,48,20,24,26,14,3,40,44,
1996,49,16,9,18,20,35,5,46,
1996,50,33,24,11,43,15,1,14,
1996,51,15,26,7,6,20,44,42,
1996,52,46,2,20,6,42,47,5,
1996,53,2,43,45,33,40,26,46,
1996,54,45,36,8,24,39,44,12,
1996,55,41,22,36,16,17,30,39,
1996,56,37,11,46,9,45,26,13,
1996,57,24,23,32,6,21,7,12,
1996,58,6,32,3,13,15,44,40,
1996,59,10,25,27,38,15,12,11,
1996,60,43,33,28,41,14,8,42,
1996,61,44,19,30,5,6,36,43,
1996,62,42,5,33,19,22,34,12,
1996,63,40,6,4,46,19,43,47,
1996,64,16,1,47,22,25,26,5,
1996,65,19,37,10,1,36,27,21,
1996,66,3,17,2,5,42,32,39,
1996,67,35,26,36,28,13,38,39,
1996,68,9,7,10,43,45,31,30,
1996,69,36,47,21,46,39,14,16,
1996,70,22,18,4,20,6,44,46,
1996,71,21,43,30,7,31,45,12,
1996,72,3,22,20,12,16,25,38,
1996,73,24,27,12,30,28,33,5,
1996,74,36,2,30,37,25,22,14,
1996,75,31,26,30,40,23,9,13,
1996,76,14,8,17,45,10,27,9,
1996,77,36,5,40,12,11,42,31,
1996,78,17,7,24,23,30,32,11,
1996,79,10,43,38,28,29,6,13,
1996,80,20,10,47,33,29,32,31,
1996,81,16,23,17,15,24,26,7,
1996,82,45,3,14,35,17,24,7,
1996,83,42,3,43,9,10,17,16,
1996,84,36,18,32,33,2,26,40,
1996,85,9,36,12,26,22,5,2,
1996,86,29,27,38,20,30,37,34,
1996,87,19,14,46,21,44,30,34,
1996,88,38,37,26,4,33,14,1,
1996,89,5,15,8,3,10,4,18,
1996,90,5,2,32,37,11,15,41,
1996,91,15,8,9,46,10,44,16,
1996,92,3,41,23,29,39,5,13,
1996,93,7,29,47,42,8,6,34,
1996,94,1,40,26,39,46,2,7,
1996,95,18,30,32,27,4,12,31,
1996,96,14,23,18,29,9,11,46,
1996,97,45,23,31,20,35,4,22,
1996,98,20,1,16,4,15,40,30,
1996,99,21,9,43,12,25,30,26,
1996,100,22,25,36,23,14,11,6,
1996,101,40,25,28,41,2,30,31,
1996,102,29,19,37,45,23,11,7,
1996,103,9,16,47,2,4,37,24,
1996,104,9,11,20,43,40,14,45,
1996,105,25,46,47,33,35,22,5,
1996,106,21,15,14,9,40,24,46,
1997,1,28,30,26,38,33,16,47,
1997,2,38,13,42,5,39,2,8,
1997,3,20,29,24,9,44,14,33,
1997,4,27,45,17,12,33,26,44,
1997,5,16,12,38,2,42,37,22,
1997,6,39,44,45,46,28,2,3,
1997,7,12,20,36,14,41,29,10,
1997,8,14,5,27,37,12,33,11,
1997,9,47,12,4,13,8,34,14,
1997,10,34,43,40,29,37,39,32,
1997,11,28,14,8,10,27,29,17,
1997,12,34,26,25,30,2,11,37,
1997,13,39,1,27,14,29,5,44,
1997,14,35,9,24,16,14,29,17,
1997,15,36,4,8,9,41,39,7,
1997,16,32,34,28,29,20,24,4,
1997,17,7,39,32,21,19,24,46,
1997,18,40,9,36,16,18,1,6,
1997,19,21,26,23,34,7,32,6,
1997,20,21,3,36,34,9,8,12,
1997,21,43,9,6,28,21,15,17,
1997,22,1,46,23,22,45,39,26,
1997,23,32,24,44,26,15,28,11,
1997,24,40,41,29,2,46,35,45,
1997,25,16,46,25,9,36,4,12,
1997,26,10,22,43,5,18,3,12,
1997,27,13,25,18,6,39,21,5,
1997,28,1,42,36,10,9,3,47,
1997,29,18,4,2,22,45,13,25,
1997,30,40,8,2,46,3,1,18,
1997,31,10,30,16,22,5,37,14,
1997,32,22,10,31,21,16,47,12,
1997,33,29,39,19,15,4,17,33,
1997,34,43,19,35,31,12,41,4,
1997,35,27,41,32,35,37,1,5,
1997,36,10,15,3,38,37,7,42,
1997,37,7,11,14,10,16,21,17,
1997,38,28,15,30,16,14,44,33,
1997,39,32,14,30,1,11,27,38,
1997,40,9,27,42,23,28,5,22,
1997,41,4,19,8,2,36,37,44,
1997,42,29,36,22,15,6,40,35,
1997,43,39,6,25,47,35,24,43,
1997,44,31,46,42,14,35,25,45,
1997,45,42,34,31,45,37,44,35,
1997,46,8,45,17,26,7,39,22,
1997,47,20,31,40,27,12,38,47,
1997,48,3,22,18,38,16,45,5,
1997,49,11,37,10,38,28,19,34,
1997,50,42,38,17,32,39,30,4,
1997,51,18,7,1,17,4,9,40,
1997,52,14,41,18,26,28,3,23,
1997,53,5,20,16,19,30,10,34,
1997,54,26,23,34,6,42,35,27,
1997,55,17,19,34,1,12,22,15,
1997,56,3,45,10,33,1,14,30,
1997,57,37,35,13,19,46,3,39,
1997,58,28,25,17,10,6,34,9,
1997,59,37,40,15,14,45,17,39,
1997,60,16,22,15,28,2,36,14,
1997,61,16,34,33,37,12,27,43,
1997,62,24,32,16,37,21,45,29,
1997,63,26,30,2,36,22,9,38,
1997,64,32,28,43,3,8,42,41,
1997,65,40,29,5,2,4,27,9,
1997,66,19,35,37,31,42,38,18,
1997,67,18,30,34,24,12,35,20,
1997,68,38,17,34,3,29,22,14,
1997,69,19,32,16,33,3,15,26,
1997,70,18,10,45,42,8,26,14,
1997,71,42,30,28,9,47,6,35,
1997,72,14,26,2,6,42,33,40,
1997,73,29,45,2,42,18,7,10,
1997,74,43,47,37,1,27,44,22,
1997,75,47,14,31,15,6,9,42,
1997,76,28,19,8,33,5,32,44,
1997,77,32,14,10,9,41,30,37,
1997,78,42,1,27,15,46,34,33,
1997,79,31,45,38,28,6,24,13,
1997,80,26,24,22,43,8,37,6,
1997,81,26,12,42,24,8,29,6,
1997,82,8,14,25,31,32,5,18,
1997,83,6,11,24,18,27,29,7,
1997,84,35,13,41,21,7,27,38,
1997,85,16,38,14,25,24,35,29,
1997,86,25,14,29,35,41,23,8,
1997,87,4,14,32,34,41,2,5,
1997,88,34,23,29,7,15,26,18,
1997,89,37,24,45,38,3,5,6,
1997,90,24,25,14,16,27,33,47,
1997,91,29,36,35,47,7,17,44,
1997,92,24,37,9,20,18,39,35,
1997,93,24,40,12,33,46,3,1,
1997,94,7,41,42,35,30,14,20,
1997,95,5,40,19,26,2,1,24,
1997,96,40,44,13,42,11,8,36,
1997,97,22,27,19,29,46,28,21,
1997,98,17,9,22,13,41,18,26,
1997,99,43,45,36,42,21,25,47,
1997,100,21,34,3,23,37,17,1,
1997,101,47,7,14,30,4,20,9,
1997,102,47,5,12,8,16,40,22,
1997,103,13,43,9,36,22,34,35,
1997,104,24,14,19,30,36,45,23,
1998,1,39,22,10,35,37,5,25,
1998,2,47,15,31,41,9,32,14,
1998,3,32,8,4,33,35,11,3,
1998,4,33,44,26,43,25,1,18,
1998,5,11,22,27,43,3,4,37,
1998,6,25,45,13,34,19,35,24,
1998,7,13,20,45,31,26,1,40,
1998,8,29,11,22,4,30,45,25,
1998,9,9,14,16,30,17,13,39,
1998,10,11,17,25,28,43,3,26,
1998,11,37,2,17,9,15,8,28,
1998,12,31,1,30,28,33,6,22,
1998,13,24,26,11,15,32,25,30,
1998,14,44,35,37,30,32,29,21,
1998,15,34,32,12,27,19,25,1,
1998,16,23,19,26,27,2,46,30,
1998,17,42,23,1,33,12,10,39,
1998,18,16,20,22,1,17,40,34,
1998,19,43,46,41,20,23,22,8,
1998,20,5,47,22,29,26,24,1,
1998,21,37,30,25,36,40,19,14,
1998,22,15,14,24,34,2,43,25,
1998,23,34,19,45,17,47,2,12,
1998,24,34,28,46,15,22,1,14,
1998,25,11,18,15,5,37,36,39,
1998,26,45,7,12,44,6,46,23,
1998,27,15,19,37,33,21,17,2,
1998,28,16,31,6,24,2,22,32,
1998,29,13,32,46,7,25,28,17,
1998,30,47,3,30,7,38,35,39,
1998,31,42,23,47,22,34,1,39,
1998,32,27,42,11,20,45,12,25,
1998,33,29,26,38,32,5,24,19,
1998,34,23,42,11,30,45,22,39,
1998,35,17,41,23,13,4,33,9,
1998,36,37,11,24,38,46,43,18,
1998,37,39,4,27,19,34,12,42,
1998,38,26,2,15,30,12,16,24,
1998,39,39,6,34,2,33,24,26,
1998,40,26,13,37,25,17,38,16,
1998,41,7,12,28,15,2,31,19,
1998,42,36,43,32,18,15,1,31,
1998,43,7,20,46,37,3,5,16,
1998,44,16,34,47,33,19,4,39,
1998,45,12,8,39,3,7,1,34,
1998,46,35,29,18,11,23,39,36,
1998,47,22,39,24,28,29,23,38,
1998,48,18,5,41,33,13,23,37,
1998,49,12,5,3,29,45,36,40,
1998,50,35,33,19,27,7,43,9,
1998,51,15,4,38,36,39,5,46,
1998,52,28,4,21,13,42,12,41,
1998,53,43,2,29,9,32,5,47,
1998,54,35,25,31,47,11,44,30,
1998,55,35,43,29,45,30,4,25,
1998,56,22,45,6,30,32,1,16,
1998,57,28,45,22,39,9,20,19,
1998,58,28,39,35,8,12,3,37,
1998,59,8,44,12,24,23,5,31,
1998,60,2,27,26,13,25,24,23,
1998,61,22,35,32,36,20,30,33,
1998,62,3,25,24,22,41,2,27,
1998,63,1,23,18,5,3,14,25,
1998,64,17,24,40,35,3,34,15,
1998,65,28,16,1,32,36,38,14,
1998,66,46,26,22,25,40,16,44,
1998,67,28,41,15,36,21,2,3,
1998,68,42,27,14,31,1,35,5,
1998,69,30,26,34,16,17,35,13,
1998,70,47,17,12,46,15,29,23,
1998,71,38,15,35,10,18,39,12,
1998,72,18,20,47,23,43,19,40,
1998,73,42,28,47,27,43,40,34,
1998,74,14,7,18,34,19,4,20,
1998,75,42,39,23,46,14,21,37,
1998,76,22,17,21,15,1,12,29,
1998,77,34,5,24,44,36,33,42,
1998,78,22,20,2,17,33,29,25,
1998,79,47,6,35,45,8,13,9,
1998,80,11,40,26,5,14,31,13,
1998,81,26,34,12,8,9,23,47,
1998,82,44,12,5,4,46,40,35,
1998,83,41,43,4,42,39,12,31,
1998,84,3,37,15,32,14,21,29,
1998,85,31,38,19,17,12,37,20,
1998,86,5,20,30,22,31,33,19,
1998,87,17,47,15,19,39,11,28,
1998,88,44,17,3,9,8,27,25,
1998,89,21,47,18,9,31,40,34,
1998,90,12,30,45,41,11,37,2,
1998,91,8,40,38,15,27,1,14,
1998,92,6,17,5,34,37,4,2,
1998,93,18,21,19,1,11,34,12,
1998,94,28,13,20,14,43,2,31,
1998,95,34,42,11,7,33,25,45,
1998,96,29,18,40,31,35,28,34,
1998,97,32,22,27,41,10,26,13,
1998,98,2,9,27,30,24,32,19,
1998,99,29,42,45,36,34,44,26,
1998,100,42,19,45,46,31,23,8,
1998,101,38,7,1,33,23,32,41,
1998,102,7,1,6,5,8,13,32,
1998,103,10,17,34,41,23,40,24,
1998,104,8,41,32,10,1,6,38,
1998,105,26,34,33,11,36,1,16,
1998,106,7,32,44,4,6,47,37,
1998,107,35,13,33,31,8,41,47,
1998,108,43,4,27,42,13,30,5,
1998,109,35,3,40,7,33,34,16,
1998,110,38,11,15,47,12,26,25,
1998,111,4,24,27,12,39,22,18,
1998,112,41,30,25,38,39,6,5,
1998,113,17,44,27,25,28,9,13,
1998,114,4,30,40,33,31,11,9,
1999,1,26,1,25,38,19,12,47,
1999,2,45,38,33,18,8,32,41,
1999,3,16,40,34,2,8,10,13,
1999,4,31,33,32,28,35,22,27,
1999,5,47,11,20,8,30,22,15,
1999,6,46,22,36,34,28,39,40,
1999,7,8,32,36,16,20,6,1,
1999,8,39,38,18,14,17,30,6,
1999,9,17,43,27,13,44,42,34,
1999,10,12,38,7,24,45,22,35,
1999,11,22,36,18,29,7,4,28,
1999,12,23,33,4,45,11,32,12,
1999,13,37,25,46,47,4,5,33,
1999,14,29,13,33,19,2,39,11,
1999,15,13,19,17,1,11,6,42,
1999,16,8,32,21,11,23,33,36,
1999,17,38,18,29,2,8,3,21,
1999,18,38,39,5,9,46,45,23,
1999,19,21,11,3,5,2,20,8,
1999,20,31,20,25,36,46,10,29,
1999,21,27,30,15,25,44,23,43,
1999,22,26,18,25,31,22,2,43,
1999,23,44,31,5,36,45,25,42,
1999,24,45,15,33,13,11,20,35,
1999,25,31,12,28,42,13,33,10,
1999,26,15,12,17,37,7,19,27,
1999,27,8,5,28,10,30,41,36,
1999,28,26,12,36,7,17,35,33,
1999,29,10,7,25,8,41,3,2,
1999,30,15,9,11,19,16,40,47,
1999,31,41,5,28,26,4,36,47,
1999,32,37,33,39,31,5,13,34,
1999,33,32,12,16,44,22,37,7,
1999,34,17,21,28,35,11,38,3,
1999,35,4,11,45,18,23,1,7,
1999,36,21,10,40,13,8,28,7,
1999,37,7,41,36,44,6,27,5,
1999,38,42,33,37,21,19,26,40,
1999,39,11,17,8,32,9,3,14,
1999,40,39,34,28,13,5,22,14,
1999,41,33,37,9,25,41,12,28,
1999,42,17,16,12,8,20,26,21,
1999,43,25,15,22,17,39,8,36,
1999,44,31,17,16,29,46,26,24,
1999,45,44,5,47,33,23,37,29,
1999,46,6,26,3,31,29,14,45,
1999,47,44,26,34,14,19,43,12,
1999,48,40,38,11,14,22,6,18,
1999,49,24,38,11,4,25,39,43,
1999,50,39,19,33,9,14,23,10,
1999,51,18,47,44,42,26,8,32,
1999,52,14,5,11,18,1,17,26,
1999,53,7,45,4,29,46,35,8,
1999,54,30,7,13,2,5,33,26,
1999,55,43,19,16,47,44,26,21,
1999,56,31,7,46,33,8,32,45,
1999,57,39,47,22,35,41,46,27,
1999,58,8,43,31,17,27,36,11,
1999,59,38,18,25,12,22,6,35,
1999,60,45,8,31,35,16,7,32,
1999,61,35,26,22,25,47,15,19,
1999,62,25,36,8,14,27,38,44,
1999,63,19,13,23,40,28,35,43,
1999,64,20,37,13,35,4,29,34,
1999,65,19,12,18,2,6,31,14,
1999,66,39,28,24,18,21,23,6,
1999,67,31,13,29,16,9,32,10,
1999,68,7,47,24,44,16,15,22,
1999,69,44,5,41,24,37,15,22,
1999,70,13,31,36,45,34,16,40,
1999,71,11,28,8,42,29,25,34,
1999,72,38,40,17,31,11,25,5,
1999,73,13,28,11,12,43,26,34,
1999,74,6,20,36,29,4,30,27,
1999,75,21,35,42,10,41,7,38,
1999,76,33,29,27,44,6,14,24,
1999,77,18,47,6,34,17,14,12,
1999,78,43,45,4,46,10,30,27,
1999,79,38,42,8,15,12,1,31,
1999,80,24,34,22,28,19,30,36,
1999,81,47,4,15,38,42,17,25,
1999,82,26,44,5,32,46,17,38,
1999,83,24,5,43,45,6,21,33,
1999,84,38,27,12,2,18,36,15,
1999,85,44,3,41,47,13,45,9,
1999,86,3,41,7,28,8,33,46,
1999,87,33,7,26,18,31,36,6,
1999,88,23,6,17,39,36,33,9,
1999,89,37,16,30,27,41,1,42,
1999,90,7,23,15,32,25,34,6,
1999,91,30,42,44,46,19,2,33,
1999,92,14,41,44,28,17,15,35,
1999,93,29,13,42,3,35,20,23,
1999,94,30,36,2,42,8,33,34,
1999,95,42,1,32,37,31,30,17,
1999,96,30,20,6,21,35,9,13,
1999,97,18,28,10,38,5,9,4,
1999,98,27,25,19,47,5,9,44,
1999,99,27,45,21,15,40,13,46,
1999,100,2,17,29,7,8,9,24,
1999,101,7,47,28,6,23,45,30,
1999,102,15,17,8,33,14,39,6,
1999,103,40,39,33,47,31,24,3,
1999,104,1,31,20,3,5,9,15,
1999,105,3,21,15,14,31,23,38,
1999,106,4,47,16,46,39,19,38,
1999,107,26,45,9,46,43,1,38,
1999,108,31,12,24,41,32,30,28,
1999,109,26,40,14,29,10,16,21,
1999,110,44,43,19,38,20,28,35,
2000,1,24,39,21,27,35,6,44,
2000,2,31,36,25,21,23,8,11,
2000,3,25,19,5,44,1,18,14,
2000,4,47,25,39,10,27,28,13,
2000,5,37,32,38,8,30,36,10,
2000,6,45,25,27,36,13,40,12,
2000,7,31,5,39,10,12,3,40,
2000,8,33,38,28,46,17,10,41,
2000,9,44,25,14,29,38,4,23,
2000,10,13,7,42,23,1,17,37,
2000,11,21,23,28,2,32,20,4,
2000,12,29,44,47,32,2,42,40,
2000,13,14,36,45,17,4,21,10,
2000,14,13,1,8,33,47,18,35,
2000,15,27,47,10,26,18,39,23,
2000,16,33,43,22,5,47,25,10,
2000,17,40,1,15,3,23,11,22,
2000,18,11,12,35,13,44,14,19,
2000,19,39,15,18,38,2,34,13,
2000,20,29,30,34,39,17,16,20,
2000,21,42,10,32,28,34,45,23,
2000,22,39,21,44,40,20,45,9,
2000,23,19,25,31,44,27,10,40,
2000,24,3,6,11,27,28,14,19,
2000,25,15,12,24,35,18,29,14,
2000,26,46,5,29,31,42,28,38,
2000,27,20,5,28,23,38,45,17,
2000,28,20,9,41,12,46,2,25,
2000,29,18,43,2,33,44,13,1,
2000,30,3,41,16,34,21,7,32,
2000,31,18,44,28,13,36,25,3,
2000,32,38,4,30,25,35,20,15,
2000,33,3,23,8,41,13,33,47,
2000,34,40,38,35,26,41,8,4,
2000,35,19,20,45,41,34,29,37,
2000,36,46,11,25,35,1,39,2,
2000,37,46,9,18,8,4,5,37,
2000,38,26,12,1,22,32,21,31,
2000,39,7,27,6,3,44,19,43,
2000,40,41,45,14,46,15,19,44,
2000,41,46,38,30,33,24,41,8,
2000,42,9,40,6,25,11,5,43,
2000,43,15,23,32,8,9,38,36,
2000,44,40,41,39,19,31,30,42,
2000,45,41,28,31,20,17,18,21,
2000,46,8,36,15,1,29,19,33,
2000,47,9,33,28,7,34,32,46,
2000,48,36,6,5,33,45,24,1,
2000,49,24,41,4,39,27,13,34,
2000,50,6,24,47,28,19,32,27,
2000,51,36,22,35,44,29,31,3,
2000,52,21,46,7,17,26,24,11,
2000,53,38,3,29,13,4,21,34,
2000,54,13,25,42,11,8,19,29,
2000,55,14,12,32,10,46,28,31,
2000,56,7,10,33,36,12,15,38,
2000,57,12,29,25,46,13,32,18,
2000,58,33,24,13,25,31,5,2,
2000,59,22,6,36,39,31,8,30,
2000,60,26,33,6,32,23,18,11,
2000,61,20,16,9,17,8,6,36,
2000,62,8,5,23,42,19,6,36,
2000,63,34,14,41,33,39,30,9,
2000,64,46,27,45,33,28,36,4,
2000,65,35,43,40,21,30,36,22,
2000,66,14,5,25,41,39,20,16,
2000,67,38,40,19,15,18,4,36,
2000,68,18,17,11,25,7,1,44,
2000,69,44,19,29,9,4,23,36,
2000,70,34,15,40,30,37,1,33,
2000,71,21,39,26,12,19,30,28,
2000,72,22,15,30,18,17,47,8,
2000,73,7,12,17,30,27,33,32,
2000,74,31,16,3,25,4,33,36,
2000,75,4,23,24,6,18,46,7,
2000,76,19,44,32,23,22,45,3,
2000,77,13,46,45,28,17,4,31,
2000,78,6,8,25,4,12,10,16,
2000,79,24,27,12,16,41,46,4,
2000,80,43,32,22,24,23,25,39,
2000,81,45,6,30,29,7,28,26,
2000,82,15,43,27,17,23,31,6,
2000,83,24,28,21,26,16,20,9,
2000,84,38,35,39,6,12,15,47,
2000,85,32,15,34,9,24,29,6,
2000,86,24,13,44,15,38,1,28,
2000,87,17,46,15,30,3,33,1,
2000,88,3,40,41,9,2,33,26,
2000,89,42,15,39,37,13,43,22,
2000,90,17,30,26,19,44,10,14,
2000,91,32,38,35,22,47,30,11,
2000,92,44,41,18,12,9,2,24,
2000,93,34,3,9,8,17,36,38,
2000,94,4,25,10,2,16,43,38,
2000,95,22,47,26,30,16,9,10,
2000,96,26,14,1,40,27,42,17,
2000,97,33,21,6,5,25,16,19,
2000,98,9,6,10,23,36,35,5,
2000,99,39,29,3,11,22,34,46,
2000,100,44,14,9,10,40,34,45,
2000,101,11,24,31,5,10,33,36,
2000,102,11,3,44,39,14,26,2,
2000,103,4,41,30,22,24,33,5,
2000,104,7,14,33,29,9,6,47,
2000,105,4,23,1,19,18,9,45,
2000,106,8,47,9,2,1,20,25,
2000,107,11,23,24,41,5,39,3,
2000,108,16,44,21,8,24,32,30,
2000,109,35,10,36,24,33,19,39,
2000,110,22,11,4,1,39,30,35,
2000,111,26,27,14,12,35,4,25,
2000,112,37,43,34,5,39,42,4,
2001,1,20,44,45,38,35,13,5,
2001,2,37,6,16,19,18,29,25,
2001,3,2,35,26,9,14,39,11,
2001,4,24,8,3,11,41,14,30,
2001,5,30,5,43,12,15,44,19,
2001,6,35,43,10,45,46,20,28,
2001,7,22,42,37,4,45,21,9,
2001,8,27,43,38,4,42,47,19,
2001,9,30,24,11,34,37,18,23,
2001,10,28,8,29,47,45,46,13,
2001,11,36,12,13,42,17,7,27,
2001,12,14,9,43,22,29,12,8,
2001,13,32,23,21,18,28,30,1,
2001,14,44,20,18,5,9,41,14,
2001,15,11,46,2,16,40,29,47,
2001,16,1,47,10,24,25,43,34,
2001,17,1,37,18,40,39,13,34,
2001,18,9,35,19,20,28,29,15,
2001,19,13,37,38,8,27,20,45,
2001,20,42,7,19,36,26,37,33,
2001,21,31,9,26,3,43,8,23,
2001,22,18,28,47,20,11,26,10,
2001,23,11,44,9,30,13,23,32,
2001,24,5,9,45,39,19,32,13,
2001,25,21,4,45,7,11,10,38,
2001,26,25,41,33,27,10,7,19,
2001,27,37,39,14,44,36,33,40,
2001,28,18,3,15,23,12,34,42,
2001,29,27,12,36,46,15,37,22,
2001,30,6,39,30,28,36,4,10,
2001,31,46,7,18,19,5,47,43,
2001,32,26,18,41,27,33,14,35,
2001,33,21,14,36,1,42,46,26,
2001,34,46,25,19,8,32,41,27,
2001,35,28,37,41,20,3,42,9,
2001,36,17,37,5,3,15,34,40,
2001,37,29,47,1,34,13,24,20,
2001,38,26,14,11,39,1,46,18,
2001,39,11,44,10,23,39,19,17,
2001,40,39,10,5,18,7,12,45,
2001,41,41,45,6,37,36,24,9,
2001,42,29,12,1,40,37,13,32,
2001,43,31,18,10,12,37,9,14,
2001,44,34,25,16,4,44,19,33,
2001,45,44,32,45,19,37,8,40,
2001,46,2,21,26,27,14,8,24,
2001,47,33,35,1,45,22,20,11,
2001,48,1,44,33,14,8,29,5,
2001,49,11,45,33,36,29,23,20,
2001,50,24,14,39,15,19,32,47,
2001,51,12,38,27,16,23,35,19,
2001,52,11,40,28,15,29,4,16,
2001,53,17,40,7,26,45,21,37,
2001,54,4,39,20,2,21,22,27,
2001,55,15,33,38,41,31,9,44,
2001,56,45,2,24,35,32,25,1,
2001,57,2,21,1,13,14,47,42,
2001,58,33,28,35,46,9,26,32,
2001,59,41,23,30,5,9,1,4,
2001,60,33,34,45,12,24,3,40,
2001,61,21,16,25,32,9,33,38,
2001,62,27,21,6,4,25,5,16,
2001,63,33,25,37,13,21,32,20,
2001,64,20,46,2,32,17,8,15,
2001,65,38,5,28,31,20,16,15,
2001,66,8,3,35,12,10,37,2,
2001,67,45,28,46,9,2,14,15,
2001,68,27,36,18,28,24,32,39,
2001,69,47,1,16,14,7,18,40,
2001,70,29,44,10,28,2,21,30,
2001,71,2,8,11,15,21,10,7,
2001,72,7,21,24,20,34,22,19,
2001,73,4,31,37,32,40,18,15,
2001,74,1,27,14,13,10,35,2,
2001,75,34,12,8,1,29,4,18,
2001,76,28,45,5,31,18,37,36,
2001,77,13,2,6,22,7,26,35,
2001,78,39,33,21,16,46,28,3,
2001,79,17,14,36,4,47,38,42,
2001,80,23,9,8,15,27,34,36,
2001,81,44,15,13,24,6,34,31,
2001,82,37,33,9,8,36,7,12,
2001,83,29,19,14,12,6,21,45,
2001,84,29,20,27,7,32,44,33,
2001,85,40,36,18,43,7,27,28,
2001,86,36,33,2,30,12,3,7,
2001,87,2,45,20,39,35,31,24,
2001,88,34,21,30,29,39,28,40,
2001,89,6,2,1,32,34,42,41,
2001,90,39,20,9,21,43,7,34,
2001,91,6,21,32,20,38,41,33,
2001,92,6,46,7,21,13,16,17,
2001,93,4,31,19,32,43,41,30,
2001,94,38,22,28,18,32,12,29,
2001,95,25,41,40,12,29,20,11,
2001,96,12,6,3,18,27,30,38,
2001,97,9,3,38,1,37,42,2,
2001,98,31,38,10,41,21,29,26,
2001,99,17,46,32,31,9,37,27,
2001,100,3,24,43,34,18,12,41,
2001,101,13,23,33,38,1,20,3,
2001,102,35,37,44,30,2,8,1,
2001,103,44,30,41,3,40,37,19,
2001,104,32,2,15,41,11,33,40,
2001,105,35,39,11,16,38,32,12,
2001,106,20,29,21,32,12,47,9,
2001,107,36,9,16,14,41,3,43,
2001,108,36,29,30,19,6,10,1,
2001,109,32,43,13,26,27,40,41,
2001,110,3,46,21,33,25,2,7,
2002,1,14,21,11,18,3,13,22,
2002,2,21,36,12,43,17,35,14,
2002,3,40,10,32,28,42,21,45,
2002,4,35,4,27,11,13,29,42,
2002,5,14,31,16,43,42,36,39,
2002,6,26,9,34,31,6,44,37,
2002,7,45,16,1,13,28,38,17,
2002,8,21,29,12,33,9,31,47,
2002,9,27,39,30,2,44,23,26,
2002,10,45,18,9,1,38,21,35,
2002,11,44,37,45,27,12,15,33,
2002,12,47,32,1,6,17,8,40,
2002,13,8,19,1,30,37,7,16,
2002,14,15,32,11,31,43,33,1,
2002,15,18,41,22,37,29,31,13,
2002,16,10,38,24,8,27,17,12,
2002,17,15,3,7,28,19,29,1,
2002,18,39,36,30,41,24,37,14,
2002,19,16,33,23,8,1,40,11,
2002,20,21,39,8,15,45,18,28,
2002,21,13,33,46,19,26,38,9,
2002,22,34,40,2,32,39,45,20,
2002,23,29,14,30,7,10,21,43,
2002,24,21,26,46,41,7,36,13,
2002,25,37,3,24,31,6,13,27,
2002,26,37,1,10,19,27,11,31,
2002,27,32,24,11,17,38,18,5,
2002,28,45,8,2,6,44,32,4,
2002,29,39,12,1,10,24,19,3,
2002,30,3,45,34,21,7,16,39,
2002,31,31,11,22,41,34,16,35,
2002,32,2,22,42,29,4,13,23,
2002,33,15,34,42,7,26,29,22,
2002,34,20,36,40,26,31,10,47,
2002,35,3,6,37,4,5,46,9,
2002,36,44,2,5,17,9,15,39,
2002,37,30,2,16,40,13,39,15,
2002,38,38,36,3,20,30,10,40,
2002,39,41,14,35,44,7,45,27,
2002,40,31,36,12,41,9,43,28,
2002,41,27,14,12,25,22,40,24,
2002,42,44,2,33,35,34,15,21,
2002,43,8,15,41,4,24,45,28,
2002,44,12,3,42,32,8,13,11,
2002,45,43,36,29,25,7,31,34,
2002,46,31,13,30,1,9,47,2,
2002,47,32,43,36,42,41,33,17,
2002,48,29,3,17,34,6,1,32,
2002,49,11,12,34,35,19,39,8,
2002,50,29,6,12,39,32,44,24,
2002,51,35,22,41,5,13,10,34,
2002,52,33,36,26,4,38,31,28,
2002,53,5,32,34,39,49,38,8,2002年 7月4日第 53期增加為 49 球
2002,54,21,10,33,40,20,44,34,
2002,55,10,26,48,35,20,28,13,
2002,56,46,14,23,19,36,44,7,
2002,57,9,25,38,24,27,36,41,
2002,58,29,32,14,13,7,20,28,
2002,59,29,24,28,22,38,11,20,
2002,60,33,1,44,29,11,36,37,
2002,61,9,44,43,25,12,31,5,
2002,62,5,1,39,46,6,31,44,
2002,63,44,32,25,23,43,1,30,
2002,64,26,6,27,45,22,25,36,
2002,65,11,3,7,28,36,22,18,
2002,66,28,19,9,15,11,10,37,
2002,67,39,5,32,10,24,49,1,
2002,68,28,35,27,15,26,5,2,
2002,69,46,28,29,31,44,5,45,
2002,70,49,26,14,7,41,32,12,
2002,71,25,23,40,38,4,24,37,
2002,72,47,10,17,43,45,36,33,
2002,73,26,36,2,41,6,16,8,
2002,74,8,25,1,3,43,46,21,
2002,75,19,12,23,2,49,7,4,
2002,76,24,28,22,39,36,33,41,
2002,77,35,3,32,7,31,47,15,
2002,78,4,25,31,23,44,3,35,
2002,79,10,46,42,43,37,40,30,
2002,80,47,40,22,34,41,15,10,
2002,81,46,16,37,22,14,8,36,
2002,82,23,33,11,32,48,43,2,
2002,83,13,5,27,19,29,35,40,
2002,84,15,44,34,19,25,38,5,
2002,85,47,10,48,41,1,34,19,
2002,86,15,17,12,34,42,10,29,
2002,87,24,49,15,41,47,7,25,
2002,88,46,11,6,10,35,32,22,
2002,89,32,30,20,42,9,5,2,
2002,90,5,9,48,18,47,25,17,
2002,91,1,36,33,12,37,14,13,
2002,92,44,37,5,7,16,42,38,
2002,93,13,32,18,46,30,1,19,
2002,94,22,29,12,19,8,41,1,
2002,95,14,8,44,25,43,10,41,
2002,96,22,8,2,28,27,3,45,
2002,97,31,3,48,1,12,23,34,
2002,98,6,32,46,42,29,7,1,
2002,99,26,5,9,33,8,38,28,
2002,100,25,49,14,2,45,6,42,
2002,101,47,15,22,42,3,23,18,
2002,102,29,18,41,4,25,16,21,
2002,103,46,40,42,21,47,19,33,
2002,104,26,37,17,43,31,19,38,
2002,105,14,24,28,9,11,17,46,
2002,106,27,37,44,21,11,31,1,
2002,107,37,38,49,46,36,5,17,
2002,108,7,23,16,15,35,31,8,
2002,109,6,41,42,40,18,39,9,
2002,110,24,18,13,26,33,23,15,
2002,111,19,1,11,39,40,18,42,
2002,112,34,10,22,40,43,14,4,
2002,113,28,40,19,18,44,10,24,
2003,1,23,27,26,5,16,6,46,
2003,2,10,43,12,38,9,26,15,
2003,3,8,23,22,49,21,17,24,
2003,4,32,28,33,11,13,7,20,
2003,5,2,40,39,42,34,36,29,
2003,6,44,49,16,20,21,43,6,
2003,7,36,6,38,27,14,23,49,
2003,8,30,10,25,46,5,41,48,
2003,9,7,28,8,4,5,6,23,
2003,10,28,43,12,7,20,27,46,
2003,11,18,31,26,11,46,4,16,
2003,12,22,11,28,38,40,23,29,
2003,13,12,8,24,39,4,40,18,
2003,14,20,49,19,10,16,40,24,
2003,15,41,48,13,24,16,1,35,
2003,16,42,19,13,45,28,23,15,
2003,17,25,4,21,12,9,34,36,
2003,18,38,9,44,42,32,33,43,
2003,19,48,15,40,20,35,45,30,
2003,20,10,35,39,31,22,20,17,
2003,21,49,21,3,20,43,2,32,
2003,22,22,23,35,8,24,10,33,
2003,23,13,14,39,23,21,42,36,
2003,24,30,28,23,34,13,42,20,
2003,25,48,22,21,9,26,37,35,
2003,26,48,12,43,30,40,17,18,
2003,27,32,29,21,43,38,41,7,
2003,28,13,6,47,11,40,24,42,
2003,29,7,11,33,23,13,31,28,
2003,30,37,39,15,28,27,9,33,
2003,31,38,12,45,26,18,34,43,
2003,32,31,36,26,7,27,14,43,
2003,33,20,11,14,47,17,42,27,
2003,34,37,47,49,30,19,41,3,
2003,35,10,19,35,8,31,3,36,
2003,36,19,7,30,44,37,34,48,
2003,37,11,29,32,20,33,23,35,
2003,38,35,34,9,29,17,20,18,
2003,39,29,8,36,38,32,31,12,
2003,40,39,28,6,43,45,40,42,
2003,41,23,14,43,28,8,17,26,
2003,42,49,31,27,28,29,1,6,
2003,43,31,16,47,13,39,19,29,
2003,44,21,37,47,12,2,49,11,
2003,45,9,44,30,48,27,33,37,
2003,46,10,19,44,26,30,32,29,
2003,47,27,38,31,14,44,3,26,
2003,48,22,3,11,18,24,37,49,
2003,49,4,10,24,47,3,26,12,
2003,50,21,2,37,44,10,22,47,
2003,51,37,9,40,29,7,26,11,
2003,52,18,16,32,47,44,14,2,
2003,53,47,20,39,6,12,5,38,
2003,54,12,46,1,16,13,36,49,
2003,55,23,15,1,33,6,21,30,
2003,56,42,24,28,29,30,49,47,
2003,57,17,31,28,37,43,14,39,
2003,58,4,7,5,1,9,27,21,
2003,59,12,24,30,39,16,21,7,
2003,60,7,31,10,5,23,34,38,
2003,61,6,29,9,14,17,2,22,
2003,62,24,18,46,26,29,30,39,
2003,63,25,34,14,12,30,35,23,
2003,64,2,34,11,6,20,5,32,
2003,65,24,47,18,17,15,5,7,
2003,66,16,33,36,31,38,29,4,
2003,67,2,45,41,42,22,39,26,
2003,68,2,31,17,12,40,37,1,
2003,69,28,42,17,26,16,40,44,
2003,70,33,18,9,38,26,6,29,
2003,71,11,18,27,2,20,17,10,
2003,72,6,39,3,8,2,25,38,
2003,73,30,47,13,36,20,16,24,
2003,74,18,36,9,10,21,45,6,
2003,75,33,14,31,8,36,42,34,
2003,76,25,7,37,39,10,21,9,
2003,77,36,28,27,41,5,6,47,
2003,78,22,25,17,15,28,16,12,
2003,79,4,26,17,38,1,44,11,
2003,80,28,21,7,41,31,12,3,
2003,81,41,5,1,28,21,35,38,
2003,82,4,48,13,43,2,49,24,
2003,83,18,28,5,14,4,31,24,
2003,84,2,43,31,9,13,3,10,
2003,85,13,49,2,22,39,20,41,
2003,86,41,42,2,9,40,7,28,
2003,87,27,38,28,10,18,24,21,
2003,88,7,39,10,15,4,19,22,
2003,89,41,31,8,47,33,23,38,
2003,90,28,33,47,38,17,42,34,
2003,91,23,40,31,19,44,47,3,
2003,92,37,9,16,30,31,32,24,
2003,93,6,27,36,43,49,38,40,
2003,94,14,39,42,20,26,40,12,
2003,95,44,41,24,35,25,47,38,
2003,96,30,15,43,21,10,7,8,
2003,97,47,21,42,25,49,7,1,
2003,98,39,17,10,45,19,11,15,
2003,99,8,12,4,23,15,33,36,
2003,100,9,41,18,22,6,31,24,
2003,101,5,49,28,14,27,6,42,
2003,102,37,1,4,28,19,49,29,
2003,103,44,48,37,29,28,25,43,
2003,104,11,22,34,48,14,24,43,
2003,105,31,34,18,25,37,35,5,
2003,106,11,48,39,30,41,13,45,
2003,107,15,45,7,10,49,38,22,
2003,108,4,2,46,14,3,44,5,
2003,109,41,18,48,12,8,23,19,
2003,110,2,39,25,8,19,3,49,
2003,111,48,35,15,20,31,10,14,
2003,112,14,35,1,22,31,19,34,
2003,113,22,13,33,42,29,6,11,
2003,114,36,48,13,37,33,11,46,
2003,115,42,33,44,24,31,23,27,
2003,116,48,5,17,34,42,19,44,
2003,117,1,39,47,38,36,22,27,
2004,1,49,31,39,33,36,3,1,
2004,2,17,43,22,7,29,14,36,
2004,3,26,14,39,43,40,33,23,
2004,4,30,49,34,39,43,48,6,
2004,5,13,9,31,40,8,48,43,
2004,6,5,49,3,19,26,32,1,
2004,7,5,32,28,31,9,6,19,
2004,8,40,41,13,18,10,29,4,
2004,9,22,21,31,24,27,42,11,
2004,10,46,30,41,1,32,29,8,
2004,11,48,4,45,46,10,43,13,
2004,12,48,12,43,35,22,29,38,
2004,13,37,39,44,22,32,20,11,
2004,14,32,21,31,9,22,17,4,
2004,15,49,15,28,13,4,45,7,
2004,16,7,38,15,41,28,20,37,
2004,17,6,3,26,14,40,9,19,
2004,18,7,41,25,24,22,40,1,
2004,19,16,8,4,2,18,3,6,
2004,20,1,14,39,48,45,9,3,
2004,21,46,8,49,33,20,36,18,
2004,22,42,19,34,20,1,43,15,
2004,23,9,31,35,10,41,26,42,
2004,24,10,31,21,30,42,26,48,
2004,25,35,43,14,36,33,23,37,
2004,26,37,18,10,39,7,23,17,
2004,27,3,4,36,25,47,2,8,
2004,28,6,44,21,49,28,36,32,
2004,29,5,39,17,20,4,28,3,
2004,30,13,22,21,10,7,23,35,
2004,31,9,37,45,11,21,27,30,
2004,32,31,22,26,13,12,11,10,
2004,33,13,31,7,25,3,33,45,
2004,34,13,32,48,7,37,1,26,
2004,35,49,17,47,12,42,9,34,
2004,36,49,24,1,30,47,23,42,
2004,37,34,23,31,45,47,43,48,
2004,38,6,19,22,25,12,9,17,
2004,39,39,44,46,8,32,36,33,
2004,40,39,24,48,44,30,43,23,
2004,41,7,11,29,15,46,49,21,
2004,42,26,34,19,31,30,4,37,
2004,43,47,29,21,37,16,46,35,
2004,44,36,28,33,8,38,47,2,
2004,45,24,13,37,11,22,7,36,
2004,46,9,21,48,37,40,13,12,
2004,47,15,8,7,27,49,34,22,
2004,48,10,23,49,43,30,21,3,
2004,49,31,40,45,47,4,18,29,
2004,50,40,23,37,45,14,27,39,
2004,51,24,2,19,16,49,48,12,
2004,52,46,3,40,10,27,20,9,
2004,53,43,9,39,32,38,27,31,
2004,54,41,13,47,40,37,33,48,
2004,55,29,8,6,12,40,32,45,
2004,56,29,37,49,7,18,28,12,
2004,57,48,42,11,16,43,26,32,
2004,58,7,3,20,13,48,36,47,
2004,59,5,28,18,32,21,9,7,
2004,60,28,38,34,41,46,48,36,
2004,61,13,40,3,5,11,6,45,
2004,62,33,44,29,7,21,23,9,
2004,63,3,9,14,25,7,44,45,
2004,64,33,37,11,25,32,42,31,
2004,65,18,35,16,48,49,2,43,
2004,66,42,9,37,22,48,40,26,
2004,67,28,36,13,6,8,3,38,
2004,68,36,6,7,1,42,12,34,
2004,69,13,21,18,35,1,3,15,
2004,70,6,37,38,30,43,31,24,
2004,71,7,48,32,9,49,18,10,
2004,72,32,6,21,8,12,43,25,
2004,73,24,7,8,1,42,6,22,
2004,74,36,10,22,37,18,34,15,
2004,75,35,43,1,2,34,20,37,
2004,76,26,16,35,36,1,31,38,
2004,77,14,40,43,13,48,32,12,
2004,78,49,14,37,29,27,7,9,
2004,79,39,8,27,45,13,40,49,
2004,80,16,39,27,8,48,40,14,
2004,81,17,27,47,45,44,16,49,
2004,82,21,48,34,19,49,22,42,
2004,83,30,1,22,16,34,5,39,
2004,84,30,27,39,40,42,29,47,
2004,85,19,24,36,44,12,27,29,
2004,86,36,28,37,26,14,23,40,
2004,87,14,10,36,17,45,30,47,
2004,88,36,9,19,2,37,30,41,
2004,89,42,48,1,33,44,30,49,
2004,90,27,16,23,18,17,5,10,
2004,91,11,1,45,5,32,22,28,
2004,92,28,37,21,18,15,17,40,
2004,93,3,16,4,45,32,19,14,
2004,94,23,38,47,27,20,40,33,
2004,95,7,21,30,36,10,3,14,
2004,96,11,18,42,12,20,27,16,
2004,97,30,38,41,24,7,20,19,
2004,98,42,1,33,30,35,3,12,
2004,99,17,42,30,11,46,14,29,
2004,100,17,15,40,41,7,28,10,
2004,101,49,39,36,28,22,31,32,
2004,102,20,14,23,12,28,13,22,
2004,103,13,15,43,3,39,44,31,
2004,104,12,22,14,46,48,4,23,
2004,105,43,18,19,45,48,33,11,
2004,106,39,16,32,26,4,24,6,
2004,107,20,37,6,35,4,39,41,
2004,108,27,29,17,34,7,30,36,
2004,109,43,44,7,12,33,20,38,
2004,110,21,41,5,17,31,27,6,
2004,111,30,27,48,31,12,34,17,
2004,112,26,25,33,15,11,24,42,
2004,113,30,44,45,43,6,24,11,
2004,114,26,1,49,27,12,36,21,
2004,115,37,21,23,30,33,14,10,
2004,116,25,7,19,45,42,18,41,
2004,117,13,42,38,17,2,33,5,
2004,118,21,31,30,12,2,5,6,
2004,119,33,7,13,12,16,9,37,
2004,120,9,49,7,39,38,22,48,
2004,121,41,23,15,7,30,34,10,
2004,122,26,28,3,11,13,12,31,
2004,123,43,6,30,40,26,34,3,
2004,124,10,25,16,21,38,15,24,
2004,125,19,49,21,17,40,35,42,
2004,126,28,34,44,9,21,30,10,
2004,127,42,8,21,31,38,29,23,
2004,128,3,10,36,9,27,31,26,
2004,129,24,10,46,6,31,13,25,
2004,130,25,48,16,44,42,26,20,
2004,131,28,46,4,36,49,43,40,
2004,132,37,36,31,3,9,45,19,
2004,133,31,48,22,25,19,3,12,
2004,134,11,14,46,47,26,6,40,
2004,135,32,25,24,34,39,1,10,
2004,136,20,45,36,2,49,48,21,
2004,137,45,1,10,43,12,16,13,
2004,138,2,41,37,28,30,15,31,
2004,139,48,9,5,43,35,38,6,
2004,140,17,20,34,38,28,47,14,
2005,1,11,39,36,43,18,32,34,
2005,2,8,6,20,4,5,38,35,
2005,3,3,42,10,6,40,14,15,
2005,4,49,42,30,38,10,45,27,
2005,5,35,5,11,25,40,6,44,
2005,6,46,42,27,30,16,24,17,
2005,7,49,14,10,25,16,9,23,
2005,8,13,5,26,21,18,20,11,
2005,9,9,28,21,46,33,13,6,
2005,10,13,7,35,5,46,19,24,
2005,11,20,34,37,48,31,15,4,
2005,12,35,6,26,3,15,7,40,
2005,13,9,28,18,33,19,2,35,
2005,14,44,18,23,9,33,49,29,
2005,15,20,33,19,48,37,2,10,
2005,16,9,36,21,43,38,49,23,
2005,17,41,8,21,20,2,40,24,
2005,18,25,13,19,32,11,16,26,
2005,19,27,28,8,5,33,46,2,
2005,20,8,13,16,47,45,42,33,
2005,21,49,28,42,45,2,18,17,
2005,22,41,2,16,20,32,35,24,
2005,23,25,6,41,22,39,49,13,
2005,24,36,42,44,41,16,1,18,
2005,25,25,3,33,35,12,7,30,
2005,26,43,25,40,31,5,2,22,
2005,27,35,16,2,10,37,45,26,
2005,28,48,17,4,8,47,39,1,
2005,29,49,24,8,42,3,7,37,
2005,30,11,31,28,6,3,8,19,
2005,31,44,49,27,45,2,6,23,
2005,32,48,44,25,30,22,2,46,
2005,33,1,36,21,9,47,35,33,
2005,34,9,24,2,13,10,15,19,
2005,35,22,24,25,10,13,2,5,
2005,36,2,37,14,10,29,5,3,
2005,37,9,47,21,6,46,13,12,
2005,38,43,12,38,14,2,39,48,
2005,39,43,31,17,22,12,11,45,
2005,40,15,25,29,10,37,34,13,
2005,41,1,49,5,25,35,24,14,
2005,42,14,3,40,49,46,5,6,
2005,43,22,10,36,23,28,9,49,
2005,44,45,12,17,47,43,33,10,
2005,45,15,42,49,29,19,11,5,
2005,46,9,33,35,22,4,30,13,
2005,47,13,2,38,17,3,14,31,
2005,48,45,3,27,38,31,9,34,
2005,49,13,39,30,47,36,12,8,
2005,50,8,22,2,38,40,36,5,
2005,51,37,36,21,13,30,16,2,
2005,52,25,16,8,33,37,2,1,
2005,53,22,20,21,9,30,48,6,
2005,54,49,10,9,7,21,39,41,
2005,55,11,36,20,14,41,4,15,
2005,56,38,2,35,14,23,16,47,
2005,57,12,7,45,33,44,18,32,
2005,58,39,14,17,42,32,3,8,
2005,59,31,16,47,18,34,23,38,
2005,60,16,21,6,10,20,5,19,
2005,61,22,11,42,23,1,18,10,
2005,62,45,33,49,43,12,39,10,
2005,63,46,23,28,17,26,22,2,
2005,64,43,16,24,17,19,11,13,
2005,65,43,39,20,33,17,4,26,
2005,66,40,4,39,20,32,42,33,
2005,67,41,26,48,11,18,10,27,
2005,68,3,13,37,27,36,29,24,
2005,69,29,40,48,18,11,22,44,
2005,70,22,18,7,2,48,5,11,
2005,71,36,35,5,44,7,15,4,
2005,72,6,47,15,25,26,18,27,
2005,73,11,32,22,31,29,42,3,
2005,74,38,2,21,44,48,29,10,
2005,75,38,40,15,49,33,25,21,
2005,76,1,32,25,46,23,30,42,
2005,77,22,27,36,4,32,16,17,
2005,78,43,23,32,45,2,4,42,
2005,79,43,41,9,6,13,21,45,
2005,80,30,31,4,22,34,24,17,
2005,81,39,23,6,21,16,10,5,
2005,82,22,7,34,6,30,18,2,
2005,83,34,17,49,48,10,18,29,
2005,84,49,5,6,35,39,17,44,
2005,85,42,31,14,30,26,5,4,
2005,86,15,13,29,8,48,28,3,
2005,87,15,7,22,8,35,49,17,
2005,88,25,14,6,27,12,30,8,
2005,89,43,39,42,49,35,25,5,
2005,90,46,14,13,33,5,45,25,
2005,91,33,25,42,36,21,48,13,
2005,92,27,19,47,38,7,1,3,
2005,93,33,21,5,44,34,45,40,
2005,94,22,38,9,35,13,39,4,
2005,95,38,11,9,23,29,33,6,
2005,96,32,49,13,9,38,48,41,
2005,97,27,21,37,1,48,11,18,
2005,98,39,19,24,41,49,2,21,
2005,99,17,22,8,29,3,13,18,
2005,100,26,1,36,47,14,3,42,
2005,101,39,29,5,20,25,13,35,
2005,102,3,37,20,23,1,33,14,
2005,103,17,4,26,46,40,9,18,
2005,104,19,24,48,4,21,14,10,
2005,105,18,48,34,11,35,7,42,
2005,106,39,15,9,41,23,20,44,
2005,107,10,13,8,48,31,14,47,
2005,108,4,1,33,40,19,34,25,
2005,109,41,46,39,29,26,16,34,
2005,110,28,24,42,33,22,34,48,
2005,111,14,5,27,3,8,35,9,
2005,112,21,4,5,47,37,26,7,
2005,113,4,19,12,2,13,42,39,
2005,114,26,14,19,6,1,30,17,
2005,115,17,35,43,28,1,20,18,
2005,116,24,25,14,35,11,20,33,
2005,117,2,16,36,25,9,38,14,
2005,118,27,29,45,26,23,30,18,
2005,119,48,15,25,11,9,44,27,
2005,120,9,29,48,16,8,24,5,
2005,121,24,34,35,38,47,41,45,
2005,122,17,14,3,47,46,41,20,
2005,123,20,15,42,14,18,38,35,
2005,124,44,43,30,22,6,10,29,
2005,125,30,9,31,25,35,37,1,
2005,126,12,26,3,39,30,41,25,
2005,127,19,13,5,40,2,49,7,
2005,128,11,8,37,31,10,24,38,
2005,129,34,41,2,18,37,30,28,
2005,130,34,3,10,1,31,35,27,
2005,131,11,20,38,49,3,13,19,
2005,132,49,48,3,35,13,10,33,
2005,133,48,12,7,37,41,8,40,
2005,134,22,24,21,40,1,13,27,
2005,135,26,30,23,24,47,49,43,
2005,136,15,10,9,4,49,14,5,
2005,137,15,46,2,3,32,30,23,
2005,138,12,31,23,25,45,44,3,
2005,139,5,8,13,43,4,1,22,
2005,140,38,3,45,37,25,16,18,
2005,141,24,45,26,18,44,13,27,
2005,142,47,33,41,38,32,10,6,
2005,143,37,27,32,9,10,45,4,
2005,144,15,7,3,2,14,1,11,
2005,145,3,36,31,16,42,9,20,
2005,146,2,35,22,32,9,41,20,
2005,147,6,1,33,22,47,14,9,
2005,148,43,27,19,14,12,34,24,
2005,149,15,40,4,22,1,44,2,
2005,150,16,20,30,9,13,43,44,
2005,151,42,24,8,19,23,18,32,
2005,152,10,22,36,20,6,19,3,
2005,153,9,4,43,18,17,31,19,
2005,154,21,22,11,24,41,9,33,
2005,155,11,7,31,43,40,2,36,
2006,1,25,17,38,26,23,24,47,
2006,2,10,22,46,44,5,38,13,
2006,3,38,26,28,42,10,1,43,
2006,4,38,39,21,25,36,5,4,
2006,5,15,37,36,24,27,25,35,
2006,6,19,34,1,12,29,32,46,
2006,7,13,47,11,25,29,38,12,
2006,8,28,24,26,44,31,47,17,
2006,9,20,1,7,45,40,34,22,
2006,10,28,35,6,33,31,14,26,
2006,11,18,22,27,28,43,23,35,
2006,12,41,27,30,16,22,39,40,
2006,13,21,48,35,9,33,22,43,
2006,14,37,20,4,23,5,3,38,
2006,15,41,39,40,34,45,19,23,
2006,16,5,40,41,24,15,12,44,
2006,17,3,6,13,29,39,49,9,
2006,18,12,26,15,41,45,30,4,
2006,19,43,7,34,32,42,22,6,
2006,20,34,22,3,16,12,29,30,
2006,21,14,46,12,28,42,10,37,
2006,22,31,36,24,7,49,15,40,
2006,23,18,31,35,40,43,39,10,
2006,24,34,18,37,22,13,31,19,
2006,25,40,23,10,25,27,14,37,
2006,26,5,14,22,43,29,1,20,
2006,27,22,1,7,15,14,45,24,
2006,28,30,49,11,42,48,2,36,
2006,29,40,20,30,9,19,39,10,
2006,30,1,14,19,30,21,13,40,
2006,31,12,39,48,7,13,25,9,
2006,32,33,42,4,37,49,27,36,
2006,33,1,30,43,6,33,13,9,
2006,34,16,4,23,22,43,8,18,
2006,35,26,7,20,3,18,32,10,
2006,36,36,43,42,32,45,26,44,
2006,37,21,15,3,28,10,1,37,
2006,38,2,12,33,19,17,30,23,
2006,39,12,29,39,8,25,45,44,
2006,40,11,43,14,7,35,38,26,
2006,41,29,35,11,10,16,30,28,
2006,42,47,18,45,44,34,28,8,
2006,43,41,5,26,21,30,36,17,
2006,44,32,13,28,39,49,44,48,
2006,45,22,20,29,38,11,9,37,
2006,46,28,27,44,38,14,11,12,
2006,47,2,16,9,12,37,40,19,
2006,48,28,42,46,8,6,11,31,
2006,49,2,32,24,29,26,33,6,
2006,50,7,34,37,1,8,30,41,
2006,51,24,10,6,19,28,47,22,
2006,52,27,33,45,3,13,18,29,
2006,53,48,46,3,32,2,47,35,
2006,54,32,17,23,31,5,28,18,
2006,55,26,18,43,24,25,22,23,
2006,56,29,7,12,15,27,49,36,
2006,57,1,23,14,45,7,48,43,
2006,58,35,26,23,36,39,43,5,
2006,59,40,11,31,23,33,32,49,
2006,60,15,38,20,46,41,44,34,
2006,61,47,14,1,45,28,41,29,
2006,62,29,40,38,9,39,27,47,
2006,63,35,1,22,34,36,47,7,
2006,64,10,33,16,30,21,48,19,
2006,65,35,24,44,17,46,12,10,
2006,66,36,9,29,16,5,47,17,
2006,67,49,2,31,9,42,29,5,
2006,68,41,46,34,17,36,48,26,
2006,69,40,3,5,7,45,18,15,
2006,70,45,2,6,33,17,42,13,
2006,71,15,16,24,4,45,22,2,
2006,72,7,6,5,35,27,18,19,
2006,73,4,40,17,42,39,5,3,
2006,74,4,36,5,49,33,48,2,
2006,75,18,33,36,21,32,37,6,
2006,76,49,27,12,21,26,10,14,
2006,77,17,36,19,2,3,13,47,
2006,78,4,30,47,48,13,42,40,
2006,79,19,1,4,5,14,13,18,
2006,80,7,1,16,49,21,9,12,
2006,81,33,6,30,10,2,13,40,
2006,82,34,45,30,42,1,46,8,
2006,83,34,10,1,36,8,9,17,
2006,84,23,20,9,34,35,45,15,
2006,85,27,22,39,13,10,32,43,
2006,86,33,15,6,13,30,26,16,
2006,87,2,16,24,6,23,20,19,
2006,88,34,16,10,38,41,23,5,
2006,89,47,1,43,19,31,21,18,
2006,90,2,29,35,34,23,37,41,
2006,91,7,10,46,34,20,30,19,
2006,92,45,10,9,19,16,32,18,
2006,93,14,16,1,45,11,8,41,
2006,94,20,10,24,32,49,28,9,
2006,95,12,18,15,35,23,38,33,
2006,96,18,28,26,2,43,13,41,
2006,97,30,47,18,8,21,23,10,
2006,98,37,27,17,38,10,19,26,
2006,99,27,43,3,45,25,28,42,
2006,100,49,48,8,18,22,34,33,
2006,101,40,45,21,14,3,11,8,
2006,102,27,31,43,29,39,36,23,
2006,103,49,40,37,48,34,14,30,
2006,104,46,26,45,30,4,35,20,
2006,105,48,46,34,17,16,3,41,
2006,106,22,8,48,4,14,41,39,
2006,107,8,15,25,33,48,5,11,
2006,108,8,25,14,23,17,12,10,
2006,109,41,2,40,32,45,43,30,
2006,110,27,26,12,28,32,46,47,
2006,111,5,22,41,14,20,11,33,
2006,112,22,3,25,11,27,33,21,
2006,113,48,40,1,33,22,43,35,
2006,114,37,40,13,3,20,34,11,
2006,115,32,15,18,43,7,9,8,
2006,116,5,15,22,30,49,42,37,
2006,117,1,12,23,11,4,2,6,
2006,118,5,35,9,45,1,19,30,
2006,119,9,32,16,42,35,5,4,
2006,120,28,22,4,1,17,27,15,
2006,121,6,47,8,40,22,39,17,
2006,122,22,9,10,26,38,5,39,
2006,123,49,16,41,3,36,20,45,
2006,124,5,33,36,22,40,29,32,
2006,125,11,29,44,15,9,35,18,
2006,126,26,42,3,24,18,43,16,
2006,127,28,48,30,29,12,44,34,
2006,128,17,13,5,41,8,26,22,
2006,129,28,44,33,42,7,35,41,
2006,130,44,6,1,35,28,13,30,
2006,131,39,5,28,7,35,36,31,
2006,132,45,38,11,42,41,22,20,
2006,133,21,38,36,2,34,22,45,
2006,134,13,48,10,31,18,21,17,
2006,135,8,36,20,49,14,34,46,
2006,136,44,35,10,32,3,12,41,
2006,137,14,10,40,49,34,11,43,
2006,138,35,3,26,7,31,16,18,
2006,139,6,19,41,32,49,10,5,
2006,140,35,36,7,18,30,49,29,
2006,141,23,36,21,35,6,10,8,
2006,142,9,27,31,35,8,5,15,
2006,143,32,25,22,10,44,34,30,
2006,144,20,45,46,21,41,38,14,
2006,145,5,10,40,8,27,34,47,
2006,146,21,28,24,48,22,43,44,
2006,147,39,15,41,6,26,30,14,
2006,148,37,47,15,14,29,2,45,
2006,149,13,21,17,22,9,33,41,
2006,150,11,32,48,5,33,17,4,
2006,151,5,48,35,28,46,49,11,
2006,152,31,34,16,39,42,29,41,
2006,153,11,3,14,27,20,44,43,
2006,154,7,30,21,6,5,40,42,
2007,1,12,6,14,32,30,38,41,
2007,2,7,33,8,49,40,42,13,
2007,3,49,38,3,17,33,43,14,
2007,4,19,11,34,14,16,43,48,
2007,5,27,10,41,40,2,1,43,
2007,6,28,7,6,38,25,45,16,
2007,7,4,23,42,25,38,14,10,
2007,8,7,48,49,33,10,39,42,
2007,9,28,9,26,36,18,44,19,
2007,10,25,19,35,6,32,31,15,
2007,11,6,5,24,23,38,48,30,
2007,12,25,36,39,11,26,41,16,
2007,13,11,12,24,14,18,9,38,
2007,14,33,8,13,32,39,47,17,
2007,15,27,11,39,19,12,6,28,
2007,16,47,42,22,12,19,11,36,
2007,17,44,27,26,37,24,9,3,
2007,18,32,22,11,45,25,41,1,
2007,19,3,13,21,22,14,32,7,
2007,20,38,7,17,48,15,45,46,
2007,21,33,28,9,42,16,17,29,
2007,22,37,35,4,18,47,17,32,
2007,23,18,39,32,8,11,2,46,
2007,24,32,36,9,24,7,22,8,
2007,25,38,30,10,41,16,9,2,
2007,26,43,18,25,29,16,33,41,
2007,27,30,4,43,46,10,35,14,
2007,28,27,41,5,8,22,32,45,
2007,29,6,12,16,49,33,25,48,
2007,30,2,16,7,30,37,39,20,
2007,31,4,1,39,46,12,35,14,
2007,32,45,14,39,40,49,1,42,
2007,33,49,45,23,36,26,21,2,
2007,34,23,42,1,11,37,43,24,
2007,35,12,47,43,6,15,9,49,
2007,36,12,5,22,6,40,2,24,
2007,37,32,12,24,46,36,21,13,
2007,38,23,40,45,2,44,22,32,
2007,39,16,17,38,28,21,45,10,
2007,40,22,48,9,30,42,41,49,
2007,41,13,40,33,35,48,39,27,
2007,42,5,36,41,23,8,7,24,
2007,43,45,13,6,9,31,40,47,
2007,44,27,45,4,35,8,24,15,
2007,45,14,19,44,11,35,49,10,
2007,46,43,40,49,45,20,2,38,
2007,47,7,48,29,15,9,32,38,
2007,48,19,41,42,49,27,44,20,
2007,49,7,19,4,14,6,37,9,
2007,50,35,17,24,22,40,37,11,
2007,51,44,38,27,11,10,18,37,
2007,52,32,3,17,47,44,46,33,
2007,53,20,11,45,7,49,9,42,
2007,54,11,46,30,23,20,48,22,
2007,55,4,6,41,14,46,12,15,
2007,56,36,38,25,16,14,28,40,
2007,57,36,43,33,42,12,30,15,
2007,58,5,27,4,37,14,39,35,
2007,59,46,21,36,31,24,38,43,
2007,60,38,20,40,23,28,21,13,
2007,61,29,23,36,26,24,41,12,
2007,62,25,8,2,46,12,29,7,
2007,63,1,25,38,7,20,4,17,
2007,64,26,16,42,46,20,27,32,
2007,65,11,22,37,5,9,21,32,
2007,66,1,4,47,44,15,34,7,
2007,67,48,6,9,1,37,36,13,
2007,68,45,31,30,7,47,41,4,
2007,69,19,41,21,29,33,3,46,
2007,70,28,3,15,37,18,19,30,
2007,71,8,11,12,20,32,4,47,
2007,72,26,43,45,5,11,1,22,
2007,73,10,27,28,31,38,24,23,
2007,74,2,47,17,35,24,32,34,
2007,75,46,41,38,4,40,15,33,
2007,76,18,44,4,37,1,10,20,
2007,77,48,22,45,16,35,36,32,
2007,78,38,25,26,14,23,35,21,
2007,79,8,10,35,45,4,15,16,
2007,80,17,43,12,31,13,24,49,
2007,81,6,16,18,22,17,49,33,
2007,82,45,24,30,49,19,10,34,
2007,83,10,12,42,5,13,16,41,
2007,84,1,45,42,27,26,36,12,
2007,85,43,45,9,18,5,40,17,
2007,86,41,49,30,16,26,36,13,
2007,87,22,46,28,32,13,37,17,
2007,88,30,31,29,38,18,21,34,
2007,89,48,21,3,47,43,4,7,
2007,90,29,40,8,22,35,41,6,
2007,91,48,45,14,26,1,32,46,
2007,92,44,4,3,17,12,5,37,
2007,93,35,38,43,44,6,9,41,
2007,94,9,27,12,40,29,7,5,
2007,95,18,16,30,14,35,26,10,
2007,96,18,22,35,14,40,31,46,
2007,97,48,22,13,10,36,33,31,
2007,98,28,43,20,10,37,19,6,
2007,99,42,6,44,23,20,45,13,
2007,100,4,43,37,20,27,9,7,
2007,101,34,39,23,13,3,4,37,
2007,102,2,44,16,39,38,6,15,
2007,103,38,49,45,6,28,44,34,
2007,104,4,12,18,35,40,44,38,
2007,105,3,31,34,35,14,1,16,
2007,106,36,44,14,26,23,35,5,
2007,107,38,32,8,25,14,15,11,
2007,108,8,24,17,27,7,6,38,
2007,109,41,10,37,43,12,24,17,
2007,110,41,40,11,13,6,28,49,
2007,111,24,6,48,44,49,5,45,
2007,112,8,25,24,34,2,16,40,
2007,113,45,9,6,34,23,17,2,
2007,114,42,41,47,35,44,49,48,
2007,115,30,37,21,43,34,10,17,
2007,116,29,28,38,37,14,6,12,
2007,117,38,7,20,25,45,33,26,
2007,118,16,49,32,10,9,23,19,
2007,119,42,12,23,26,19,33,27,
2007,120,27,25,24,23,45,43,11,
2007,121,10,6,11,14,31,40,49,
2007,122,39,37,47,1,48,2,34,
2007,123,19,14,42,18,4,30,34,
2007,124,31,37,21,29,13,6,25,
2007,125,35,42,4,49,14,31,1,
2007,126,35,27,30,46,43,2,36,
2007,127,31,19,41,47,42,12,13,
2007,128,18,43,24,5,9,12,7,
2007,129,47,40,13,4,27,25,45,
2007,130,30,37,14,28,6,18,21,
2007,131,15,8,41,1,43,6,2,
2007,132,2,42,30,6,15,38,29,
2007,133,16,18,41,45,27,12,29,
2007,134,4,32,25,1,6,20,43,
2007,135,44,6,22,13,30,14,26,
2007,136,39,1,12,40,29,48,41,
2007,137,40,42,19,5,32,25,4,
2007,138,47,45,27,33,35,25,6,
2007,139,13,27,19,10,48,43,8,
2007,140,29,30,35,18,25,32,39,
2007,141,45,26,28,30,23,18,15,
2007,142,5,39,26,46,38,33,47,
2007,143,35,14,41,38,42,9,40,
2007,144,35,16,40,41,18,24,47,
2007,145,5,42,23,15,7,18,10,
2007,146,17,23,1,44,40,25,26,
2007,147,2,24,19,40,1,6,44,
2007,148,1,46,17,9,28,42,32,
2007,149,21,46,30,1,2,44,33,
2007,150,17,37,48,40,38,7,43,
2007,151,6,48,12,33,16,41,8,
2007,152,21,23,45,37,15,16,4,
2008,1,36,5,8,42,46,39,14,
2008,2,3,33,42,14,32,11,15,
2008,3,2,14,40,9,45,24,3,
2008,4,20,36,46,4,42,47,22,
2008,5,8,13,18,22,26,42,43,
2008,6,15,37,45,10,18,11,26,
2008,7,36,35,24,40,8,19,23,
2008,8,32,4,7,20,34,8,24,
2008,9,9,30,16,49,33,17,41,
2008,10,38,23,26,46,10,42,29,
2008,11,19,22,33,13,15,38,39,
2008,12,43,33,16,24,22,44,29,
2008,13,49,24,41,42,32,48,10,
2008,14,46,36,34,1,42,37,39,
2008,15,6,43,36,48,40,3,8,
2008,16,38,30,2,16,31,48,36,
2008,17,26,32,39,7,30,24,47,
2008,18,31,23,40,45,12,37,35,
2008,19,4,15,39,6,29,33,18,
2008,20,22,5,8,29,2,41,28,
2008,21,15,38,29,5,32,39,31,
2008,22,48,27,24,22,18,30,3,
2008,23,14,47,9,33,24,2,48,
2008,24,39,34,9,23,30,20,13,
2008,25,6,17,13,35,49,8,45,
2008,26,7,22,5,35,32,30,13,
2008,27,49,5,2,13,21,20,36,
2008,28,25,7,12,24,39,44,27,
2008,29,31,16,38,25,49,36,29,
2008,30,23,13,5,28,40,15,17,
2008,31,36,31,44,33,28,12,7,
2008,32,10,21,47,22,8,30,28,
2008,33,37,44,13,23,28,30,49,
2008,34,12,26,4,33,45,22,8,
2008,35,49,48,18,38,13,32,40,
2008,36,15,35,7,25,22,14,32,
2008,37,16,32,3,45,4,48,23,
2008,38,9,39,30,6,32,48,4,
2008,39,49,16,44,27,15,40,31,
2008,40,17,28,41,36,6,1,31,
2008,41,21,13,11,36,39,40,43,
2008,42,38,34,23,9,22,1,24,
2008,43,25,38,48,31,8,43,23,
2008,44,10,31,7,48,11,27,5,
2008,45,16,10,42,19,46,7,20,
2008,46,14,8,36,40,46,31,9,
2008,47,35,12,31,25,8,13,21,
2008,48,19,17,13,32,15,24,9,
2008,49,25,41,22,24,40,20,35,
2008,50,39,37,3,5,1,4,8,
2008,51,26,28,13,8,49,7,17,
2008,52,16,49,35,31,37,24,39,
2008,53,49,6,5,41,27,47,40,
2008,54,8,34,40,37,19,26,29,
2008,55,47,45,38,22,7,21,40,
2008,56,18,24,45,46,48,3,31,
2008,57,6,25,1,4,47,23,49,
2008,58,29,23,34,19,41,1,15,
2008,59,12,5,31,1,19,14,45,
2008,60,29,24,28,22,23,43,6,
2008,61,39,1,44,49,27,6,36,
2008,62,42,36,26,11,31,34,13,
2008,63,41,40,33,5,32,49,30,
2008,64,14,6,39,45,11,23,10,
2008,65,11,7,2,20,29,45,48,
2008,66,37,6,22,9,4,15,3,
2008,67,3,44,41,19,15,40,13,
2008,68,13,32,3,5,6,31,15,
2008,69,2,18,11,45,39,26,24,
2008,70,34,29,13,5,44,1,25,
2008,71,9,29,22,27,42,8,38,
2008,72,48,40,33,46,39,8,24,
2008,73,28,7,1,19,34,2,5,
2008,74,48,31,21,3,26,29,1,
2008,75,15,7,38,20,2,6,14,
2008,76,21,19,15,24,18,26,36,
2008,77,17,41,44,18,5,12,32,
2008,78,38,27,21,5,25,40,11,
2008,79,17,47,24,38,9,19,3,
2008,80,18,38,25,47,27,15,2,
2008,81,46,18,35,1,24,29,2,
2008,82,45,40,29,33,43,10,8,
2008,83,38,29,45,31,15,5,48,
2008,84,9,41,48,13,10,12,6,
2008,85,7,34,35,15,25,38,6,
2008,86,25,33,1,34,41,8,28,
2008,87,8,33,11,6,35,4,25,
2008,88,11,49,16,6,38,42,40,
2008,89,30,47,23,3,24,17,26,
2008,90,21,19,15,8,42,32,10,
2008,91,28,26,11,31,10,15,43,
2008,92,46,27,23,41,16,20,6,
2008,93,38,25,14,43,46,32,35,
2008,94,32,7,19,39,24,26,20,
2008,95,1,20,21,3,37,35,46,
2008,96,20,9,10,3,34,25,41,
2008,97,25,2,43,13,19,30,44,
2008,98,38,21,34,1,27,31,10,
2008,99,2,49,37,10,8,44,22,
2008,100,13,9,22,16,31,24,18,
2008,101,22,7,17,42,26,31,12,
2008,102,38,23,18,22,10,4,35,
2008,103,7,48,15,23,29,3,5,
2008,104,12,8,25,20,49,2,34,
2008,105,46,34,16,8,9,3,42,
2008,106,40,4,14,9,36,25,45,
2008,107,2,34,17,46,49,38,33,
2008,108,5,49,28,4,27,10,46,
2008,109,1,29,16,46,4,15,30,
2008,110,39,33,36,17,7,44,31,
2008,111,26,11,47,27,40,39,34,
2008,112,42,32,17,29,20,13,15,
2008,113,14,22,19,4,16,35,9,
2008,114,34,46,4,49,26,10,5,
2008,115,1,27,38,19,2,12,41,
2008,116,46,37,35,11,38,8,27,
2008,117,11,19,14,44,21,41,31,
2008,118,31,44,21,6,40,42,7,
2008,119,7,9,3,6,32,35,24,
2008,120,37,8,1,9,35,32,14,
2008,121,46,5,21,19,27,9,37,
2008,122,22,13,18,30,3,20,39,
2008,123,13,3,26,10,11,48,9,
2008,124,13,33,40,5,23,37,39,
2008,125,32,19,23,44,17,11,25,
2008,126,25,8,1,38,20,43,39,
2008,127,43,35,5,42,6,28,4,
2008,128,24,1,15,48,4,6,43,
2008,129,19,32,27,17,20,35,11,
2008,130,33,9,34,10,43,20,42,
2008,131,32,2,8,5,24,37,35,
2008,132,28,18,32,29,5,11,10,
2008,133,41,13,40,31,4,36,49,
2008,134,28,1,4,24,17,3,7,
2008,135,38,3,48,46,18,9,13,
2008,136,6,36,46,14,21,4,41,
2008,137,6,27,37,33,36,5,48,
2008,138,43,30,31,29,3,13,8,
2008,139,35,47,10,8,37,28,12,
2008,140,26,28,17,9,30,4,1,
2008,141,21,44,14,47,7,43,35,
2008,142,47,1,48,11,41,10,20,
2008,143,40,1,27,7,36,48,13,
2008,144,32,44,36,38,29,21,43,
2008,145,40,22,31,27,46,2,13,
2008,146,6,20,34,26,40,13,10,
2008,147,29,33,48,24,26,22,46,
2008,148,2,21,24,34,17,19,18,
2008,149,4,29,40,18,47,8,9,
2009,1,16,30,21,2,10,22,26,
2009,2,23,42,45,30,9,14,19,
2009,3,22,46,19,33,18,42,7,
2009,4,7,16,3,47,19,44,31,
2009,5,36,41,15,12,49,40,42,
2009,6,6,9,32,24,10,12,30,
2009,7,1,47,28,29,16,15,37,
2009,8,34,42,22,13,5,29,37,
2009,9,37,44,47,5,17,38,12,
2009,10,44,40,47,4,12,19,49,
2009,11,42,13,7,21,17,45,36,
2009,12,36,9,25,8,17,6,4,
2009,13,9,14,24,10,4,29,38,
2009,14,26,12,46,8,44,31,42,
2009,15,3,47,36,46,25,23,20,
2009,16,42,44,9,48,12,45,35,
2009,17,4,14,24,21,48,6,8,
2009,18,32,42,10,22,14,28,36,
2009,19,12,37,39,31,17,46,8,
2009,20,39,12,26,8,15,44,6,
2009,21,36,26,9,16,6,29,8,
2009,22,15,21,14,8,20,7,44,
2009,23,47,38,32,9,37,1,25,
2009,24,15,24,14,23,19,25,2,
2009,25,24,22,34,15,5,46,26,
2009,26,22,37,25,49,30,38,15,
2009,27,7,33,17,2,47,20,45,
2009,28,11,40,4,3,28,37,36,
2009,29,48,21,39,27,33,32,9,
2009,30,32,16,30,15,2,12,5,
2009,31,43,10,16,19,42,33,12,
2009,32,37,14,11,21,17,12,10,
2009,33,32,14,21,18,6,46,43,
2009,34,27,32,23,13,43,34,22,
2009,35,12,16,4,38,46,15,21,
2009,36,42,36,5,38,14,34,19,
2009,37,42,24,40,32,43,36,47,
2009,38,29,1,7,15,23,35,14,
2009,39,33,39,7,13,20,45,30,
2009,40,2,18,46,17,10,6,34,
2009,41,45,4,21,29,41,22,14,
2009,42,44,7,29,9,49,22,1,
2009,43,38,47,16,45,3,25,35,
2009,44,27,2,42,22,41,7,5,
2009,45,19,12,11,1,30,28,49,
2009,46,33,14,29,10,48,22,5,
2009,47,31,4,43,41,18,42,24,
2009,48,45,34,46,20,42,15,23,
2009,49,34,17,46,38,4,49,7,
2009,50,41,7,20,36,3,34,39,
2009,51,8,21,30,49,38,11,35,
2009,52,6,29,18,1,39,48,10,
2009,53,31,30,45,41,5,29,47,
2009,54,7,3,9,16,34,2,14,
2009,55,48,11,21,41,28,14,32,
2009,56,29,9,38,25,36,41,23,
2009,57,49,43,46,23,6,31,40,
2009,58,3,7,20,18,27,11,2,
2009,59,45,36,28,38,40,33,4,
2009,60,21,32,46,8,1,37,22,
2009,61,25,11,14,27,47,19,20,
2009,62,49,2,28,46,12,20,31,
2009,63,14,27,9,12,36,20,11,
2009,64,47,29,26,5,7,18,2,
2009,65,4,43,9,24,22,19,1,
2009,66,1,23,5,8,48,32,3,
2009,67,46,13,16,7,35,42,25,
2009,68,8,11,33,43,20,15,34,
2009,69,42,39,12,43,13,25,38,
2009,70,37,41,16,30,27,25,36,
2009,71,26,2,19,17,22,11,13,
2009,72,7,11,24,32,49,35,46,
2009,73,34,1,19,39,48,43,45,
2009,74,36,45,30,26,19,12,20,
2009,75,16,26,18,21,48,30,45,
2009,76,17,5,11,15,46,25,24,
2009,77,22,24,40,19,6,29,4,
2009,78,20,2,19,49,14,17,26,
2009,79,47,38,41,6,30,27,20,
2009,80,24,30,46,31,26,4,2,
2009,81,2,9,21,47,18,32,26,
2009,82,2,39,10,46,47,19,41,
2009,83,14,45,3,17,29,5,31,
2009,84,39,38,29,24,41,28,19,
2009,85,13,15,4,6,1,48,39,
2009,86,11,3,1,47,15,39,44,
2009,87,23,22,4,31,47,36,20,
2009,88,49,4,28,46,11,20,31,
2009,89,18,12,4,40,11,21,44,
2009,90,8,45,48,47,1,20,11,
2009,91,32,9,36,34,37,27,20,
2009,92,48,39,38,18,47,28,24,
2009,93,8,5,30,10,11,23,42,
2009,94,24,15,31,39,23,1,33,
2009,95,27,18,29,37,3,6,4,
2009,96,24,34,6,23,16,20,42,
2009,97,33,3,20,18,15,1,48,
2009,98,26,12,22,27,29,15,37,
2009,99,48,4,12,29,3,32,16,
2009,100,15,11,32,12,24,5,39,
2009,101,24,5,42,8,17,30,34,
2009,102,35,33,4,18,26,17,40,
2009,103,22,17,19,40,27,46,4,
2009,104,14,9,49,6,47,17,38,
2009,105,9,24,41,48,35,40,31,
2009,106,21,13,11,20,28,16,15,
2009,107,29,31,35,33,7,32,48,
2009,108,35,3,43,1,14,17,47,
2009,109,35,11,49,14,17,16,34,
2009,110,30,28,24,21,48,19,26,
2009,111,41,23,28,39,37,20,26,
2009,112,9,5,18,1,24,32,38,
2009,113,34,9,36,19,22,26,24,
2009,114,3,1,41,30,47,9,19,
2009,115,33,15,48,1,40,5,21,
2009,116,16,39,4,6,22,11,10,
2009,117,36,12,15,24,49,17,14,
2009,118,35,39,21,31,33,44,28,
2009,119,19,16,12,49,2,20,4,
2009,120,36,18,43,15,13,45,7,
2009,121,15,17,22,37,47,39,26,
2009,122,42,32,4,20,2,15,48,
2009,123,34,8,46,39,26,36,35,
2009,124,40,1,47,2,29,24,7,
2009,125,25,34,26,41,45,22,15,
2009,126,41,35,16,13,31,42,36,
2009,127,44,15,14,16,18,13,48,
2009,128,30,27,29,25,11,44,23,
2009,129,33,19,43,42,45,3,44,
2009,130,42,3,13,40,31,9,30,
2009,131,38,17,35,27,32,2,41,
2009,132,24,8,2,22,35,18,17,
2009,133,10,9,6,20,1,46,14,
2009,134,42,26,28,6,15,3,21,
2009,135,42,9,2,43,4,28,45,
2009,136,11,19,41,35,45,13,24,
2009,137,2,38,23,28,45,8,21,
2009,138,24,7,45,21,33,35,26,
2009,139,17,42,3,1,9,18,7,
2009,140,25,38,1,5,32,39,4,
2009,141,5,44,10,4,17,39,24,
2009,142,20,15,10,46,21,34,4,
2009,143,14,1,38,17,35,23,31,
2009,144,35,31,12,29,6,23,21,
2009,145,4,15,16,49,34,8,45,
2009,146,40,46,37,8,9,49,41,
2009,147,10,40,27,28,47,46,18,
2009,148,43,4,30,49,37,2,10,
2009,149,4,45,24,32,2,28,38,
2009,150,33,6,44,23,30,43,10,
2009,151,20,22,27,26,44,31,49,
2009,152,42,27,21,17,36,6,23,
2009,153,33,39,9,38,27,40,14,
2009,154,33,26,28,41,31,40,19,
2010,1,11,13,22,16,21,18,6,
2010,2,22,28,16,5,14,26,27,
2010,3,5,14,45,48,16,25,42,
2010,4,45,8,16,40,4,39,10,
2010,5,29,9,30,23,25,48,1,
2010,6,26,48,38,27,21,35,41,
2010,7,5,19,35,18,45,28,27,
2010,8,9,2,3,41,24,33,40,
2010,9,48,7,6,24,17,41,16,
2010,10,46,18,19,39,26,34,2,
2010,11,9,8,38,17,37,31,2,
2010,12,3,43,46,15,32,9,28,
2010,13,6,32,30,34,2,4,40,
2010,14,10,38,1,13,14,39,41,
2010,15,25,9,42,47,20,36,13,
2010,16,41,24,16,5,1,13,14,
2010,17,10,14,13,49,4,8,7,
2010,18,36,35,24,27,21,32,16,
2010,19,29,27,5,26,21,28,44,
2010,20,20,17,1,49,7,29,19,
2010,21,32,11,28,7,5,4,3,
2010,22,4,32,3,45,11,15,1,
2010,23,8,19,43,44,48,49,46,
2010,24,47,37,11,44,20,31,46,
2010,25,25,17,36,22,16,18,47,
2010,26,6,28,10,1,21,35,46,
2010,27,24,11,10,33,34,38,16,
2010,28,28,12,46,31,3,26,16,
2010,29,17,28,9,45,13,14,20,
2010,30,14,40,10,35,48,43,21,
2010,31,39,22,4,1,14,18,48,
2010,32,16,4,37,47,28,38,30,
2010,33,39,19,37,4,41,30,31,
2010,34,45,12,39,8,29,33,36,
2010,35,46,11,32,7,22,27,17,
2010,36,16,47,29,44,14,45,42,
2010,37,1,44,22,36,3,8,29,
2010,38,29,31,40,2,48,22,20,
2010,39,42,20,31,43,23,21,41,
2010,40,43,37,40,35,11,23,30,
2010,41,42,35,20,25,45,11,8,
2010,42,3,30,33,37,25,5,35,
2010,43,36,38,7,41,2,20,40,
2010,44,32,42,46,37,33,31,17,
2010,45,36,21,37,35,19,30,33,
2010,46,38,2,49,42,1,24,19,
2010,47,27,6,35,17,25,40,32,
2010,48,29,1,39,16,23,46,17,
2010,49,23,12,5,39,29,16,11,
2010,50,3,21,33,22,18,13,8,
2010,51,5,24,41,7,26,49,3,
2010,52,26,41,28,16,44,7,24,
2010,53,19,41,40,34,46,24,15,
2010,54,37,40,31,2,39,38,44,
2010,55,1,27,34,8,21,5,20,
2010,56,40,35,34,15,29,26,9,
2010,57,22,49,39,37,31,16,32,
2010,58,44,39,32,47,29,1,17,
2010,59,7,48,12,20,4,39,14,
2010,60,22,37,11,10,4,15,49,
2010,61,12,26,29,18,33,17,41,
2010,62,14,40,43,30,18,46,27,
2010,63,28,49,9,22,32,33,18,
2010,64,16,26,4,25,33,42,30,
2010,65,24,11,7,46,28,13,26,
2010,66,42,19,44,16,26,5,6,
2010,67,15,37,38,40,30,9,1,
2010,68,8,7,23,47,21,12,10,
2010,69,49,26,36,8,32,35,24,
2010,70,21,20,2,40,19,11,43,
2010,71,5,21,18,49,35,10,11,
2010,72,45,48,11,42,15,5,14,
2010,73,12,8,27,13,35,2,37,
2010,74,4,9,20,2,35,40,44,
2010,75,23,34,5,26,49,31,24,
2010,76,20,7,15,41,13,21,2,
2010,77,21,11,41,48,8,38,49,
2010,78,2,49,14,13,45,21,19,
2010,79,42,21,14,17,46,29,49,
2010,80,40,4,47,16,46,43,27,
2010,81,2,42,25,27,22,35,13,
2010,82,5,25,48,43,2,3,24,
2010,83,2,16,41,10,44,18,31,
2010,84,7,34,12,40,48,30,33,
2010,85,26,47,13,29,5,40,42,
2010,86,42,33,15,6,25,22,24,
2010,87,4,17,43,28,23,46,22,
2010,88,12,38,41,49,13,44,22,
2010,89,37,33,28,29,35,12,22,
2010,90,17,9,35,31,26,36,42,
2010,91,8,46,42,49,30,48,7,
2010,92,46,45,34,18,41,3,37,
2010,93,39,20,12,30,5,8,23,
2010,94,29,17,42,6,48,33,34,
2010,95,38,17,34,46,6,12,43,
2010,96,25,2,35,8,5,22,16,
2010,97,8,43,48,12,30,46,35,
2010,98,49,34,40,21,37,18,28,
2010,99,11,9,37,6,25,16,45,
2010,100,10,9,1,36,7,44,37,
2010,101,3,1,6,7,49,36,42,
2010,102,46,6,39,49,40,16,41,
2010,103,11,48,7,23,3,20,38,
2010,104,17,25,34,43,19,45,47,
2010,105,2,3,16,42,43,45,27,
2010,106,19,34,37,4,2,41,5,
2010,107,35,36,24,39,10,20,12,
2010,108,3,22,39,4,7,30,6,
2010,109,8,47,49,5,46,31,34,
2010,110,40,26,33,19,12,17,25,
2010,111,35,23,48,36,13,10,47,
2010,112,39,23,30,37,16,43,5,
2010,113,49,42,31,30,45,7,46,
2010,114,26,18,22,21,29,9,27,
2010,115,16,36,27,21,7,17,6,
2010,116,29,16,8,31,5,6,12,
2010,117,21,15,14,22,40,32,2,
2010,118,22,37,45,44,41,42,27,
2010,119,24,13,38,46,21,9,27,
2010,120,47,10,26,42,7,4,13,
2010,121,30,45,1,44,49,29,41,
2010,122,38,29,43,20,2,39,37,
2010,123,9,35,46,4,23,49,18,
2010,124,28,33,42,1,41,45,8,
2010,125,14,33,41,20,3,8,32,
2010,126,8,47,31,36,17,9,46,
2010,127,24,12,7,49,8,30,27,
2010,128,36,17,24,5,45,25,15,
2010,129,27,25,9,5,44,33,17,
2010,130,41,45,43,49,15,4,18,
2010,131,15,43,5,29,6,28,48,
2010,132,21,28,48,47,7,18,35,
2010,133,46,3,39,49,12,20,19,
2010,134,30,6,47,20,33,39,23,
2010,135,6,30,9,33,3,29,14,
2010,136,30,10,24,11,1,49,35,
2010,137,28,39,22,45,17,31,8,
2010,138,26,44,13,43,17,25,42,
2010,139,16,19,45,3,48,14,9,
2010,140,11,6,17,40,41,31,34,
2010,141,10,20,46,47,9,42,27,
2010,142,28,12,13,20,18,48,14,
2010,143,4,20,10,33,36,25,37,
2010,144,27,15,24,30,18,22,10,
2010,145,29,28,7,48,3,38,40,
2010,146,18,13,29,19,12,27,10,
2010,147,45,15,39,19,34,44,23,
2010,148,4,41,12,18,16,5,7,
2010,149,4,3,35,41,24,15,36,
2010,150,4,43,1,13,2,48,11,
2010,151,8,36,28,37,23,31,12,
2010,152,13,4,18,39,36,20,12,
2011,1,1,13,20,24,37,39,3,
2011,2,20,39,16,9,38,4,40,
2011,3,7,26,4,15,14,19,43,
2011,4,12,27,21,33,10,18,4,
2011,5,29,42,48,1,2,37,38,
2011,6,17,25,19,36,44,40,10,
2011,7,31,18,32,46,13,29,2,
2011,8,41,15,9,21,33,31,37,
2011,9,28,42,37,21,30,5,48,
2011,10,15,49,45,39,1,30,37,
2011,11,16,17,26,9,21,14,20,
2011,12,6,25,35,14,29,1,48,
2011,13,9,10,8,29,49,5,46,
2011,14,46,32,8,22,48,1,9,
2011,15,28,36,37,8,10,6,21,
2011,16,31,1,16,27,47,2,19,
2011,17,28,21,32,34,11,27,17,
2011,18,36,9,20,18,3,2,12,
2011,19,10,37,20,47,24,13,16,
2011,20,38,16,41,17,27,18,30,
2011,21,30,24,25,35,9,37,45,
2011,22,16,13,42,18,23,34,40,
2011,23,3,21,28,22,8,48,5,
2011,24,30,26,7,29,41,27,44,
2011,25,47,24,1,37,33,28,49,
2011,26,45,4,30,43,41,25,29,
2011,27,33,9,8,49,13,17,30,
2011,28,34,29,2,25,16,7,10,
2011,29,37,33,23,4,47,15,22,
2011,30,6,21,49,2,45,46,28,
2011,31,14,6,43,27,26,30,21,
2011,32,15,16,11,4,35,42,9,
2011,33,5,31,4,23,48,39,20,
2011,34,41,33,31,24,8,12,20,
2011,35,24,45,18,34,38,26,15,
2011,36,17,16,10,42,43,38,13,
2011,37,2,20,47,31,12,25,29,
2011,38,20,49,9,2,24,1,43,
2011,39,38,24,39,23,6,40,32,
2011,40,3,31,15,36,12,49,11,
2011,41,26,8,10,29,41,44,9,
2011,42,26,21,31,43,5,1,22,
2011,43,10,34,24,6,47,37,12,
2011,44,9,2,4,31,12,21,10,
2011,45,12,14,37,23,39,32,28,
2011,46,17,16,1,36,26,31,45,
2011,47,22,20,18,1,46,8,28,
2011,48,26,22,9,1,6,10,35,
2011,49,43,26,30,31,2,4,38,
2011,50,30,25,29,15,11,49,47,
2011,51,30,6,49,1,15,33,3,
2011,52,30,34,23,10,29,9,36,
2011,53,34,2,23,38,13,3,5,
2011,54,5,32,48,20,15,6,22,
2011,55,29,14,26,10,39,41,6,
2011,56,4,45,9,39,25,28,30,
2011,57,4,22,15,33,10,35,48,
2011,58,35,49,12,27,46,14,31,
2011,59,48,32,15,18,30,13,8,
2011,60,45,36,47,17,22,15,35,
2011,61,48,39,33,20,11,31,4,
2011,62,48,5,6,37,44,22,23,
2011,63,38,7,43,44,13,34,10,
2011,64,4,24,10,1,30,39,8,
2011,65,47,23,39,7,2,18,17,
2011,66,46,33,36,49,7,8,18,
2011,67,49,24,42,22,33,36,38,
2011,68,5,42,6,3,39,15,35,
2011,69,44,13,4,35,17,1,22,
2011,70,48,39,19,13,22,12,46,
2011,71,4,44,12,47,48,26,2,
2011,72,38,44,14,49,48,16,39,
2011,73,47,10,32,21,16,9,38,
2011,74,2,32,15,27,49,43,42,
2011,75,23,30,24,4,34,45,19,
2011,76,15,17,4,45,43,47,38,
2011,77,48,40,49,20,10,46,13,
2011,78,35,31,34,5,13,33,27,
2011,79,9,32,16,28,30,22,37,
2011,80,35,10,29,40,14,46,30,
2011,81,10,48,1,13,42,11,15,
2011,82,41,16,28,33,18,45,29,
2011,83,48,11,33,37,45,13,36,
2011,84,11,20,31,48,49,17,35,
2011,85,3,31,10,40,43,41,20,
2011,86,30,28,26,49,6,18,22,
2011,87,37,29,8,48,27,7,21,
2011,88,35,26,15,34,41,25,10,
2011,89,47,30,42,11,36,21,34,
2011,90,46,47,6,45,44,29,30,
2011,91,24,21,11,47,25,14,36,
2011,92,25,32,34,2,11,39,31,
2011,93,42,30,45,9,34,31,24,
2011,94,48,5,25,45,11,6,34,
2011,95,37,35,6,25,7,4,48,
2011,96,31,23,11,49,37,18,10,
2011,97,22,38,9,10,8,5,7,
2011,98,45,17,43,14,5,49,12,
2011,99,15,47,17,13,26,23,1,
2011,100,41,24,25,36,11,45,40,
2011,101,25,28,10,20,6,17,2,
2011,102,10,9,27,29,19,45,30,
2011,103,48,46,49,9,15,24,6,
2011,104,44,49,33,34,2,29,42,
2011,105,22,21,4,46,18,39,29,
2011,106,21,44,7,4,23,1,17,
2011,107,44,30,39,18,14,22,32,
2011,108,49,19,15,36,44,45,16,
2011,109,46,16,28,13,19,11,22,
2011,110,49,29,13,41,5,7,25,
2011,111,14,6,43,25,35,12,42,
2011,112,40,10,47,48,27,33,13,
2011,113,39,44,10,8,27,19,6,
2011,114,34,40,16,18,28,6,38,
2011,115,37,4,23,22,49,40,13,
2011,116,37,22,41,9,14,45,5,
2011,117,39,1,37,9,4,15,47,
2011,118,24,37,41,4,8,26,33,
2011,119,33,25,6,22,2,39,46,
2011,120,33,30,40,28,2,8,23,
2011,121,37,41,11,24,43,28,13,
2011,122,23,37,48,9,4,47,14,
2011,123,32,16,34,23,35,2,40,
2011,124,1,11,20,18,26,30,47,
2011,125,26,35,22,29,27,17,44,
2011,126,46,48,22,1,43,9,49,
2011,127,12,15,17,39,5,18,47,
2011,128,19,8,21,15,24,44,10,
2011,129,3,1,34,44,41,21,43,
2011,130,3,16,11,1,7,34,49,
2011,131,30,23,34,2,40,42,48,
2011,132,4,37,49,20,7,9,33,
2011,133,17,33,42,10,29,48,35,
2011,134,14,30,26,25,11,7,29,
2011,135,3,44,42,23,6,24,35,
2011,136,14,22,13,10,47,12,21,
2011,137,24,43,21,47,31,7,5,
2011,138,35,3,41,38,5,19,32,
2011,139,39,33,47,42,22,4,14,
2011,140,13,6,42,40,37,3,29,
2011,141,22,33,1,8,28,3,5,
2011,142,18,37,3,2,9,23,31,
2011,143,5,1,11,2,43,6,25,
2011,144,20,28,22,36,48,5,1,
2011,145,3,42,21,25,14,27,34,
2011,146,40,36,38,3,25,32,31,
2011,147,21,29,43,47,9,34,32,
2011,148,1,38,35,23,2,46,5,
2011,149,43,31,26,29,49,37,2,
2011,150,49,37,5,18,16,28,24,
2011,151,27,17,24,4,1,43,41,
2011,152,30,8,37,48,38,31,5,
2011,153,39,23,7,21,10,29,1,
2011,154,27,3,44,40,2,49,38,
2012,1,31,5,12,37,45,34,10,
2012,2,33,48,11,46,9,43,2,
2012,3,31,3,7,32,10,35,30,
2012,4,26,31,35,20,3,32,12,
2012,5,44,36,27,48,15,32,47,
2012,6,36,10,24,13,20,29,14,
2012,7,36,24,44,16,35,23,1,
2012,8,18,14,2,39,25,1,31,
2012,9,20,47,10,18,14,34,41,
2012,10,10,34,3,11,29,17,15,
2012,11,29,42,46,28,27,22,49,
2012,12,45,14,20,38,46,21,47,
2012,13,6,20,27,12,16,38,7,
2012,14,11,30,41,45,16,34,47,
2012,15,12,33,34,20,3,41,43,
2012,16,39,34,9,41,33,7,48,
2012,17,37,10,14,49,39,21,25,
2012,18,25,44,4,12,42,18,8,
2012,19,5,16,41,46,12,17,15,
2012,20,49,1,15,35,11,12,17,
2012,21,47,22,15,5,1,43,37,
2012,22,49,26,27,14,24,12,22,
2012,23,24,8,37,49,28,9,47,
2012,24,31,40,34,30,47,25,13,
2012,25,1,4,8,28,21,3,5,
2012,26,7,36,33,28,3,31,32,
2012,27,3,36,35,5,17,9,43,
2012,28,42,23,48,33,39,10,34,
2012,29,7,26,43,47,8,48,12,
2012,30,34,28,49,4,31,48,6,
2012,31,18,13,23,4,45,6,15,
2012,32,46,13,44,29,11,18,37,
2012,33,2,47,38,48,49,35,41,
2012,34,49,23,35,32,3,43,34,
2012,35,25,17,43,2,7,30,38,
2012,36,21,28,16,10,31,29,8,
2012,37,33,44,30,11,19,37,18,
2012,38,46,21,47,28,20,44,42,
2012,39,17,45,13,15,18,41,14,
2012,40,24,49,3,14,22,34,44,
2012,41,4,47,11,16,42,26,6,
2012,42,16,2,25,28,17,11,41,
2012,43,3,40,15,20,32,19,25,
2012,44,7,6,17,46,35,19,4,
2012,45,41,5,12,13,37,20,23,
2012,46,3,41,21,11,42,1,2,
2012,47,28,17,29,34,31,1,45,
2012,48,17,30,11,7,22,10,14,
2012,49,20,19,17,11,29,32,38,
2012,50,32,33,19,26,5,17,22,
2012,51,46,2,47,49,28,20,3,
2012,52,4,17,11,49,29,39,8,
2012,53,33,9,4,17,34,10,35,
2012,54,17,23,46,32,34,13,41,
2012,55,21,30,34,45,39,16,4,
2012,56,23,14,33,5,22,16,32,
2012,57,27,1,10,15,37,21,40,
2012,58,41,23,47,26,17,3,33,
2012,59,8,1,26,32,22,37,41,
2012,60,2,5,8,40,29,47,34,
2012,61,9,20,10,38,49,22,7,
2012,62,18,8,31,37,22,20,46,
2012,63,9,4,39,47,24,31,38,
2012,64,43,19,47,20,9,14,37,
2012,65,43,21,34,10,26,35,37,
2012,66,39,17,4,48,20,29,9,
2012,67,8,44,37,15,18,39,6,
2012,68,30,16,36,14,7,25,32,
2012,69,7,29,4,6,13,2,9,
2012,70,42,48,26,10,13,40,24,
2012,71,35,2,8,5,13,17,28,
2012,72,34,9,40,14,17,48,39,
2012,73,6,19,26,37,28,49,47,
2012,74,3,36,19,27,6,14,24,
2012,75,10,37,32,28,13,41,1,
2012,76,6,12,14,31,10,38,20,
2012,77,2,24,3,26,11,27,44,
2012,78,22,46,4,1,5,44,37,
2012,79,7,4,13,28,49,36,3,
2012,80,40,33,44,2,39,13,43,
2012,81,24,2,6,41,46,16,27,
2012,82,24,30,11,8,49,17,3,
2012,83,30,46,34,20,9,35,29,
2012,84,19,23,7,45,34,30,13,
2012,85,22,23,15,45,11,10,31,
2012,86,22,11,44,24,9,13,32,
2012,87,18,44,45,25,38,40,5,
2012,88,2,35,23,16,47,10,1,
2012,89,49,9,11,12,22,28,7,
2012,90,42,20,49,15,8,41,12,
2012,91,2,40,9,13,46,44,10,
2012,92,22,13,20,46,10,42,48,
2012,93,5,42,41,31,11,12,16,
2012,94,47,34,16,37,13,2,28,
2012,95,19,5,23,6,13,34,8,
2012,96,7,10,32,34,22,48,45,
2012,97,36,1,12,38,7,17,48,
2012,98,15,13,25,45,28,47,5,
2012,99,21,47,38,7,22,3,27,
2012,100,17,7,49,29,24,47,45,
2012,101,21,11,26,34,7,15,38,
2012,102,21,19,12,15,9,47,38,
2012,103,45,43,24,20,36,34,3,
2012,104,6,38,43,13,41,33,29,
2012,105,4,15,27,34,7,12,37,
2012,106,11,41,25,27,4,39,43,
2012,107,16,22,42,31,20,48,43,
2012,108,27,18,7,21,48,6,42,
2012,109,27,15,43,38,42,26,39,
2012,110,2,49,38,35,33,13,40,
2012,111,1,28,17,4,32,20,47,
2012,112,17,3,40,15,10,1,28,
2012,113,2,17,26,16,8,20,32,
2012,114,33,12,37,24,44,25,13,
2012,115,1,10,47,29,12,13,9,
2012,116,21,22,36,15,27,17,16,
2012,117,46,18,40,11,1,3,35,
2012,118,26,5,11,33,41,6,4,
2012,119,35,27,9,44,39,17,40,
2012,120,10,6,4,16,29,14,26,
2012,121,31,4,19,44,34,37,6,
2012,122,11,29,45,47,28,41,21,
2012,123,40,17,43,23,41,8,28,
2012,124,34,36,26,28,30,39,1,
2012,125,40,1,28,34,20,30,19,
2012,126,18,34,28,24,42,15,2,
2012,127,36,33,46,12,1,48,41,
2012,128,37,39,6,28,8,1,42,
2012,129,47,26,37,44,31,15,43,
2012,130,26,45,47,35,28,9,25,
2012,131,29,5,30,26,25,3,31,
2012,132,46,20,36,41,18,48,21,
2012,133,12,7,24,39,43,48,30,
2012,134,45,2,11,20,37,47,13,
2012,135,49,9,22,26,30,44,31,
2012,136,4,15,2,3,40,23,13,
2012,137,47,8,21,20,34,24,10,
2012,138,13,32,28,17,26,34,6,
2012,139,36,10,17,38,27,16,47,
2012,140,10,18,11,37,47,7,4,
2012,141,1,41,43,6,38,45,48,
2012,142,47,22,34,15,30,33,38,
2012,143,42,49,15,2,28,41,24,
2012,144,42,47,9,6,29,31,14,
2012,145,18,28,41,33,21,47,48,
2012,146,21,8,14,41,48,45,34,
2012,147,36,40,4,34,25,12,49,
2012,148,9,27,34,28,32,43,2,
2012,149,24,46,18,49,23,12,14,
2012,150,47,29,7,44,4,39,23,
2012,151,1,11,33,6,39,9,40,
2012,152,6,48,30,5,25,32,45,
2013,1,48,46,33,32,25,17,39,
2013,2,14,19,29,49,21,20,7,
2013,3,2,45,41,9,24,34,48,
2013,4,6,3,31,49,19,21,7,
2013,5,24,31,27,3,4,7,13,
2013,6,43,44,2,25,8,14,11,
2013,7,31,3,19,21,12,48,26,
2013,8,22,20,4,37,2,30,1,
2013,9,1,49,9,3,2,20,24,
2013,10,29,48,45,42,2,41,5,
2013,11,8,36,44,26,47,20,28,
2013,12,22,16,46,35,38,27,32,
2013,13,2,47,48,23,39,17,22,
2013,14,31,45,19,5,32,34,13,
2013,15,33,12,18,3,22,8,37,
2013,16,47,46,4,35,10,8,32,
2013,17,27,16,24,48,11,36,47,
2013,18,30,3,12,35,37,38,18,
2013,19,19,18,32,44,40,5,34,
2013,20,32,14,22,21,11,49,7,
2013,21,36,19,35,30,12,23,15,
2013,22,36,16,4,15,1,18,21,
2013,23,26,10,28,30,11,23,17,
2013,24,8,31,39,7,35,26,37,
2013,25,36,6,4,43,8,35,5,
2013,26,8,24,35,41,9,39,2,
2013,27,43,9,40,18,24,34,28,
2013,28,17,30,38,15,45,13,4,
2013,29,46,4,16,17,3,15,12,
2013,30,31,9,41,47,45,6,18,
2013,31,15,34,29,12,28,3,8,
2013,32,13,4,42,39,1,22,34,
2013,33,17,6,9,33,42,25,27,
2013,34,40,26,35,15,44,10,11,
2013,35,38,17,44,31,12,45,43,
2013,36,25,6,34,43,19,4,17,
2013,37,46,33,2,31,4,9,5,
2013,38,27,2,7,11,17,15,4,
2013,39,16,41,10,12,48,29,25,
2013,40,28,35,43,2,3,25,39,
2013,41,11,20,24,18,49,29,2,
2013,42,47,8,46,40,16,29,18,
2013,43,21,27,15,43,38,11,48,
2013,44,39,4,22,5,14,17,9,
2013,45,9,15,10,40,33,49,48,
2013,46,7,41,35,29,23,20,6,
2013,47,22,17,14,38,15,48,19,
2013,48,26,7,23,16,4,28,9,
2013,49,18,4,49,30,31,24,36,
2013,50,31,28,5,1,44,46,14,
2013,51,29,40,44,10,1,49,33,
2013,52,29,14,37,9,5,24,36,
2013,53,14,34,16,12,15,22,13,
2013,54,16,20,1,11,6,25,22,
2013,55,44,2,16,19,47,11,27,
2013,56,48,7,42,32,27,18,17,
2013,57,43,48,4,24,30,14,34,
2013,58,11,16,31,18,23,12,36,
2013,59,47,12,24,49,45,27,6,
2013,60,25,10,40,3,8,26,38,
2013,61,1,6,5,25,4,9,27,
2013,62,22,17,27,36,46,15,23,
2013,63,27,1,23,36,49,45,7,
2013,64,40,9,48,26,17,36,2,
2013,65,48,10,16,32,28,20,30,
2013,66,44,42,15,22,24,18,28,
2013,67,1,35,40,39,21,14,5,
2013,68,43,11,3,32,26,35,1,
2013,69,42,27,29,14,45,9,44,
2013,70,9,47,22,31,45,23,39,
2013,71,29,46,11,31,14,16,30,
2013,72,23,40,42,25,46,34,39,
2013,73,35,40,20,38,17,29,22,
2013,74,47,48,16,37,34,42,17,
2013,75,34,1,26,4,37,3,14,
2013,76,45,28,19,43,33,7,13,
2013,77,43,29,6,9,47,27,17,
2013,78,1,15,46,38,4,40,49,
2013,79,38,45,39,14,28,26,8,
2013,80,7,32,18,14,23,46,42,
2013,81,3,18,19,37,47,20,25,
2013,82,14,46,36,18,28,32,44,
2013,83,26,33,17,3,20,47,34,
2013,84,32,28,17,8,6,22,20,
2013,85,49,34,23,27,20,32,30,
2013,86,7,28,1,3,36,22,21,
2013,87,33,44,42,31,12,8,49,
2013,88,8,22,6,20,10,19,42,
2013,89,23,12,6,5,39,38,48,
2013,90,44,11,32,4,15,19,42,
2013,91,13,26,25,23,15,29,9,
2013,92,3,30,41,20,44,10,31,
2013,93,41,6,42,49,31,1,44,
2013,94,42,31,22,10,26,16,23,
2013,95,30,14,9,32,31,49,1,
2013,96,15,31,14,13,46,48,36,
2013,97,1,41,16,49,25,33,46,
2013,98,20,10,6,15,14,3,33,
2013,99,14,9,29,36,30,32,20,
2013,100,38,28,35,25,47,24,16,
2013,101,42,3,6,17,18,43,36,
2013,102,21,39,35,26,25,33,17,
2013,103,49,7,29,22,1,28,37,
2013,104,28,30,18,7,17,10,6,
2013,105,49,39,12,19,8,48,17,
2013,106,14,48,31,26,1,28,36,
2013,107,39,29,47,40,21,6,33,
2013,108,39,22,47,31,45,17,49,
2013,109,45,18,3,49,15,26,41,
2013,110,47,39,22,35,25,36,31,
2013,111,26,13,25,30,29,39,19,
2013,112,11,6,9,3,28,7,34,
2013,113,33,39,49,43,48,40,34,
2013,114,43,44,40,1,11,29,4,
2013,115,26,32,14,41,35,17,15,
2013,116,9,31,29,4,6,36,20,
2013,117,7,3,27,1,6,15,30,
2013,118,16,9,8,38,17,11,20,
2013,119,42,48,24,28,37,35,38,
2013,120,20,41,33,4,46,27,12,
2013,121,1,45,35,24,44,11,49,
2013,122,31,1,44,47,41,10,18,
2013,123,34,49,36,9,5,41,26,
2013,124,10,24,44,43,9,22,30,
2013,125,38,48,47,6,30,15,40,
2013,126,25,34,47,22,1,20,17,
2013,127,43,47,2,29,9,46,21,
2013,128,18,8,29,34,19,31,36,
2013,129,38,4,42,22,25,37,20,
2013,130,9,4,14,26,30,42,21,
2013,131,32,13,35,39,42,31,16,
2013,132,28,49,19,21,47,18,46,
2013,133,8,25,3,34,10,29,32,
2013,134,1,43,8,17,39,32,48,
2013,135,27,49,35,12,47,44,36,
2013,136,6,25,23,8,49,3,4,
2013,137,21,41,30,3,20,18,13,
2013,138,9,31,44,10,34,12,18,
2013,139,3,6,33,34,21,43,9,
2013,140,34,2,45,15,42,19,14,
2013,141,40,39,17,1,29,24,21,
2013,142,26,19,46,16,17,1,29,
2013,143,41,24,26,18,44,5,20,
2013,144,46,17,30,36,1,8,16,
2013,145,34,24,10,19,31,28,27,
2013,146,49,38,15,6,46,14,29,
2013,147,19,33,1,20,8,15,47,
2013,148,4,47,39,31,14,43,27,
2013,149,49,18,43,13,41,12,39,
2013,150,4,47,45,21,49,25,6,
2013,151,32,43,9,42,20,4,5,
2013,152,42,40,44,7,12,9,14,
2014,1,43,38,1,46,36,49,21,
2014,2,31,49,16,32,6,44,43,
2014,3,31,9,38,41,16,30,46,
2014,4,15,28,4,39,45,16,25,
2014,5,36,39,44,16,42,3,17,
2014,6,9,11,33,31,34,27,21,
2014,7,9,37,18,17,16,15,33,
2014,8,28,44,18,17,3,26,38,
2014,9,23,20,34,37,49,8,44,
2014,10,4,18,21,31,27,5,7,
2014,11,38,37,43,5,20,48,6,
2014,12,30,20,37,4,27,31,18,
2014,13,26,36,16,3,2,4,45,
2014,14,49,15,48,11,13,39,37,
2014,15,37,26,27,32,33,45,39,
2014,16,47,20,35,21,37,48,14,
2014,17,29,24,7,27,25,10,19,
2014,18,40,19,46,25,49,23,30,
2014,19,2,32,30,36,14,45,11,
2014,20,21,23,15,34,25,45,35,
2014,21,26,31,5,24,3,40,45,
2014,22,24,35,33,23,29,2,14,
2014,23,8,43,40,39,41,26,5,
2014,24,35,28,9,15,24,5,44,
2014,25,21,46,16,19,11,38,34,
2014,26,27,19,33,3,13,16,22,
2014,27,46,39,27,6,10,20,38,
2014,28,2,16,17,32,24,3,40,
2014,29,33,30,28,6,15,4,27,
2014,30,7,20,19,22,10,17,30,
2014,31,29,46,2,24,21,15,27,
2014,32,42,17,2,48,23,35,27,
2014,33,1,37,9,48,18,25,14,
2014,34,20,34,26,21,11,49,4,
2014,35,36,22,35,44,28,45,6,
2014,36,35,45,49,7,42,23,36,
2014,37,18,24,10,33,12,2,11,
2014,38,36,48,43,49,33,22,25,
2014,39,25,26,4,28,27,9,3,
2014,40,44,39,45,10,19,38,31,
2014,41,24,47,45,11,31,46,6,
2014,42,31,49,18,21,42,4,25,
2014,43,43,45,18,20,28,6,13,
2014,44,41,6,45,14,28,16,27,
2014,45,24,14,12,45,17,23,42,
2014,46,46,47,21,32,20,35,3,
2014,47,29,1,41,12,3,36,14,
2014,48,39,28,40,17,1,32,16,
2014,49,47,9,12,36,27,22,46,
2014,50,26,15,2,8,45,37,14,
2014,51,28,37,1,14,29,43,30,
2014,52,13,30,2,16,6,36,25,
2014,53,10,33,23,39,36,44,30,
2014,54,37,12,39,2,30,10,48,
2014,55,26,38,45,49,16,11,5,
2014,56,35,9,32,20,22,41,8,
2014,57,16,12,24,9,35,34,7,
2014,58,21,37,45,27,9,12,7,
2014,59,10,33,16,44,34,47,6,
2014,60,17,37,31,9,28,35,19,
2014,61,41,2,14,4,39,30,49,
2014,62,30,16,10,34,44,3,1,
2014,63,48,4,26,24,14,19,35,
2014,64,47,28,32,37,2,10,31,
2014,65,39,3,19,13,36,20,15,
2014,66,40,25,33,46,10,11,6,
2014,67,4,8,44,13,19,48,27,
2014,68,30,32,1,35,44,37,40,
2014,69,3,44,21,18,41,45,15,
2014,70,16,23,45,15,4,3,21,
2014,71,30,31,24,44,3,17,7,
2014,72,49,45,17,37,2,40,48,
2014,73,30,31,25,35,18,24,36,
2014,74,42,48,47,20,2,40,28,
2014,75,15,23,46,38,47,26,21,
2014,76,48,17,37,14,43,34,20,
2014,77,36,32,10,38,14,37,47,
2014,78,16,38,4,22,39,27,36,
2014,79,17,25,1,9,22,2,8,
2014,80,11,40,3,49,13,23,43,
2014,81,41,32,9,42,2,5,44,
2014,82,20,28,42,43,1,30,10,
2014,83,48,41,30,9,40,1,49,
2014,84,14,1,16,3,41,24,13,
2014,85,38,4,31,36,5,21,14,
2014,86,17,36,4,1,15,42,40,
2014,87,11,13,31,37,15,47,19,
2014,88,12,35,44,22,48,27,38,
2014,89,42,23,48,26,22,3,28,
2014,90,7,24,29,8,18,5,14,
2014,91,46,32,14,31,36,5,11,
2014,92,15,41,31,1,33,9,37,
2014,93,27,39,31,9,7,36,32,
2014,94,14,49,4,48,8,23,11,
2014,95,42,27,37,23,26,46,15,
2014,96,42,27,2,46,32,5,16,
2014,97,31,10,30,14,29,26,18,
2014,98,14,24,38,32,12,4,13,
2014,99,44,33,25,37,32,29,47,
2014,100,38,17,27,11,24,31,49,
2014,101,15,27,18,24,49,39,6,
2014,102,45,43,37,26,47,28,25,
2014,103,11,34,36,43,14,46,1,
2014,104,7,39,27,36,25,42,31,
2014,105,43,48,3,12,40,49,32,
2014,106,17,22,43,4,34,15,35,
2014,107,45,25,16,27,6,20,29,
2014,108,38,32,48,3,16,40,27,
2014,109,13,28,43,41,12,20,23,
2014,110,48,19,49,42,44,3,38,
2014,111,10,28,6,35,26,12,24,
2014,112,10,16,20,46,39,45,47,
2014,113,10,4,24,29,33,35,7,
2014,114,5,45,14,24,27,22,8,
2014,115,49,33,42,12,13,26,48,
2014,116,12,2,23,46,40,14,39,
2014,117,37,29,35,26,34,47,8,
2014,118,8,5,17,37,1,20,33,
2014,119,34,39,48,4,49,9,18,
2014,120,19,47,22,12,40,36,25,
2014,121,29,6,18,34,17,9,42,
2014,122,11,29,28,41,14,37,19,
2014,123,40,39,41,13,1,43,18,
2014,124,30,37,16,47,26,43,31,
2014,125,49,36,3,47,29,19,33,
2014,126,20,44,26,9,10,11,31,
2014,127,38,30,23,16,29,37,33,
2014,128,29,4,12,14,48,10,3,
2014,129,7,8,32,15,34,39,43,
2014,130,5,49,9,3,48,19,26,
2014,131,36,49,21,42,41,46,6,
2014,132,34,33,15,43,32,7,10,
2014,133,17,2,6,37,49,24,46,
2014,134,33,16,8,46,19,35,12,
2014,135,12,27,32,17,33,2,44,
2014,136,47,6,44,41,35,42,19,
2014,137,2,45,22,20,40,30,44,
2014,138,33,37,7,26,29,32,31,
2014,139,47,27,4,13,49,1,33,
2014,140,1,20,33,27,36,8,35,
2014,141,21,17,40,18,25,48,16,
2014,142,41,3,13,4,29,31,46,
2014,143,32,7,1,35,13,39,31,
2014,144,12,17,48,20,14,40,19,
2014,145,1,42,31,7,14,34,16,
2014,146,8,10,25,6,29,21,33,
2014,147,43,36,37,25,30,2,22,
2014,148,35,1,47,12,4,14,33,
2014,149,19,47,24,46,12,43,30,
2014,150,28,15,31,32,14,48,40,
2014,151,1,40,30,39,25,33,7,
2014,152,32,37,19,25,33,10,27,
2015,1,44,42,15,35,8,31,39,
2015,2,14,16,18,3,49,38,29,
2015,3,8,28,44,18,37,19,13,
2015,4,47,21,10,40,24,33,5,
2015,5,37,40,43,21,27,16,14,
2015,6,14,49,1,43,2,37,24,
2015,7,27,14,25,15,30,16,11,
2015,8,29,13,9,15,5,7,47,
2015,9,42,30,46,8,21,16,32,
2015,10,18,17,26,20,32,31,6,
2015,11,5,10,13,28,35,4,12,
2015,12,29,25,32,6,15,46,9,
2015,13,46,47,14,7,17,5,27,
2015,14,49,43,11,36,47,34,21,
2015,15,22,18,17,13,16,45,10,
2015,16,17,18,5,7,27,48,30,
2015,17,30,23,2,41,34,17,14,
2015,18,31,14,7,10,9,22,35,
2015,19,10,25,21,35,12,2,26,
2015,20,44,22,28,33,14,46,25,
2015,21,42,46,29,28,15,20,35,
2015,22,48,17,32,28,33,18,37,
2015,23,22,20,25,33,12,10,27,
2015,24,23,6,9,43,25,41,38,
2015,25,17,25,46,27,13,49,19,
2015,26,10,38,20,2,6,40,46,
2015,27,32,8,49,6,16,12,37,
2015,28,22,45,1,27,48,18,25,
2015,29,23,14,25,37,24,17,34,
2015,30,29,4,21,37,25,32,27,
2015,31,1,11,5,47,34,23,14,
2015,32,31,30,43,15,17,12,46,
2015,33,26,34,38,7,33,30,5,
2015,34,42,37,2,5,44,13,27,
2015,35,39,6,2,9,49,16,29,
2015,36,37,11,16,29,6,30,34,
2015,37,27,46,10,36,2,5,7,
2015,38,4,42,37,12,20,47,35,
2015,39,26,44,45,29,12,9,19,
2015,40,43,21,46,42,26,24,4,
2015,41,11,34,38,31,37,10,14,
2015,42,19,17,6,20,18,42,25,
2015,43,30,40,35,42,31,48,6,
2015,44,5,20,35,1,39,3,28,
2015,45,31,29,47,41,12,17,38,
2015,46,24,13,48,3,20,43,49,
2015,47,8,4,3,36,7,26,31,
2015,48,19,24,36,12,49,21,23,
2015,49,36,8,28,1,31,45,9,
2015,50,8,36,30,42,6,34,12,
2015,51,16,49,26,10,7,12,40,
2015,52,11,42,43,49,13,41,29,
2015,53,14,21,25,7,3,29,6,
2015,54,2,15,39,44,38,13,8,
2015,55,26,3,15,7,25,47,10,
2015,56,48,5,17,22,34,38,2,
2015,57,36,21,44,32,37,46,47,
2015,58,48,37,27,28,21,33,13,
2015,59,16,19,47,18,36,42,46,
2015,60,43,44,45,5,13,10,7,
2015,61,7,45,42,37,10,15,41,
2015,62,2,47,44,7,23,20,30,
2015,63,42,9,45,36,28,16,2,
2015,64,11,21,38,42,12,15,25,
2015,65,24,49,31,28,39,18,44,
2015,66,22,27,9,11,49,14,44,
2015,67,20,16,7,17,25,12,31,
2015,68,44,35,10,13,38,42,27,
2015,69,26,33,12,24,25,10,23,
2015,70,13,26,44,40,24,16,42,
2015,71,12,46,11,35,24,4,3,
2015,72,34,16,12,48,31,42,37,
2015,73,33,42,26,3,10,46,44,
2015,74,40,28,49,26,1,5,15,
2015,75,43,41,9,8,33,18,15,
2015,76,21,27,12,14,38,43,15,
2015,77,11,4,48,44,23,32,49,
2015,78,47,34,9,32,24,43,35,
2015,79,40,28,29,38,19,9,33,
2015,80,17,22,5,28,2,27,37,
2015,81,7,10,13,38,20,8,5,
2015,82,38,35,22,18,23,16,25,
2015,83,20,23,13,24,46,47,39,
2015,84,42,41,15,19,14,4,10,
2015,85,45,49,40,33,10,43,38,
2015,86,15,11,28,30,4,26,13,
2015,87,32,25,33,35,34,12,45,
2015,88,11,48,24,17,5,4,46,
2015,89,32,47,14,31,28,20,18,
2015,90,15,13,5,9,21,23,12,
2015,91,23,41,40,22,42,35,16,
2015,92,12,25,46,10,42,19,37,
2015,93,27,26,47,22,28,36,12,
2015,94,21,24,22,8,4,1,46,
2015,95,2,6,30,33,25,13,20,
2015,96,43,17,49,7,34,41,1,
2015,97,18,4,44,5,23,32,6,
2015,98,32,2,37,36,26,31,12,
2015,99,41,42,39,16,15,3,36,
2015,100,29,9,39,13,30,45,48,
2015,101,9,32,37,39,22,28,47,
2015,102,31,10,5,36,8,6,17,
2015,103,16,45,34,12,36,42,41,
2015,104,15,40,26,36,20,16,46,
2015,105,22,4,41,1,13,32,26,
2015,106,11,1,36,13,35,23,34,
2015,107,5,38,21,25,13,40,17,
2015,108,5,22,17,25,27,3,46,
2015,109,9,41,4,17,1,35,37,
2015,110,25,43,11,2,36,12,10,
2015,111,10,16,15,24,4,28,49,
2015,112,37,43,6,18,16,15,2,
2015,113,46,28,10,23,9,37,34,
2015,114,39,30,16,10,40,8,6,
2015,115,32,2,22,7,9,46,26,
2015,116,17,40,8,28,34,39,14,
2015,117,22,36,46,4,35,21,40,
2015,118,34,30,4,33,1,22,26,
2015,119,17,30,34,18,33,26,29,
2015,120,33,48,2,19,12,34,24,
2015,121,46,15,38,39,7,11,25,
2015,122,25,48,16,40,14,1,17,
2015,123,27,34,18,45,35,28,2,
2015,124,33,20,22,44,31,39,10,
2015,125,31,22,5,46,4,6,47,
2015,126,28,4,48,37,10,42,8,
2015,127,38,12,25,7,13,34,15,
2015,128,25,44,11,5,27,10,7,
2015,129,6,16,34,44,48,27,1,
2015,130,47,4,43,28,42,14,3,
2015,131,10,24,28,45,33,20,19,
2015,132,13,15,45,28,41,24,20,
2015,133,33,13,47,31,35,12,21,
2015,134,15,40,41,13,48,25,19,
2015,135,33,30,38,20,39,9,37,
2015,136,44,17,21,41,36,22,38,
2015,137,44,10,39,17,25,26,7,
2015,138,31,25,28,24,15,21,48,
2015,139,8,10,33,22,9,40,28,
2015,140,42,14,41,4,44,11,10,
2015,141,19,16,35,6,34,46,9,
2015,142,49,25,10,9,40,48,32,
2015,143,9,29,24,47,32,34,42,
2015,144,16,42,44,27,35,18,33,
2015,145,18,41,40,48,49,22,42,
2015,146,20,36,24,18,45,44,39,
2015,147,43,45,20,16,6,11,21,
2015,148,44,36,38,11,28,48,26,
2015,149,18,20,12,33,47,28,25,
2015,150,37,1,8,42,47,33,7,
2015,151,30,38,33,20,3,5,28,
2015,152,22,24,11,25,2,12,3,
2016,1,6,34,8,41,32,11,47,
2016,2,18,45,2,5,7,30,11,
2016,3,29,11,9,47,43,6,8,
2016,4,15,8,30,45,18,4,38,
2016,5,8,13,44,45,35,15,47,
2016,6,23,49,32,2,1,10,26,
2016,7,2,6,1,43,37,40,24,
2016,8,39,25,30,8,20,18,13,
2016,9,33,40,47,2,12,45,9,
2016,10,14,32,23,8,12,7,5,
2016,11,9,40,5,27,22,26,13,
2016,12,30,48,8,42,34,20,36,
2016,13,1,39,29,32,44,5,4,
2016,14,36,28,34,18,33,30,2,
2016,15,7,38,13,35,15,45,32,
2016,16,11,21,13,19,15,29,41,
2016,17,4,35,3,30,47,17,10,
2016,18,43,8,36,14,29,24,31,
2016,19,42,43,22,34,21,18,24,
2016,20,20,41,38,13,45,39,46,
2016,21,47,49,39,20,44,12,45,
2016,22,15,27,45,44,9,24,47,
2016,23,3,47,22,45,24,6,7,
2016,24,27,6,11,20,44,9,42,
2016,25,30,21,11,16,19,33,31,
2016,26,16,5,45,7,2,1,33,
2016,27,29,48,49,17,26,32,40,
2016,28,16,34,4,30,3,39,14,
2016,29,9,48,30,33,24,14,43,
2016,30,41,23,49,36,33,3,2,
2016,31,1,6,41,19,28,26,39,
2016,32,8,16,15,3,17,38,35,
2016,33,25,23,39,35,42,43,14,
2016,34,5,18,49,24,10,27,39,
2016,35,21,35,18,25,16,46,13,
2016,36,38,47,24,44,17,46,27,
2016,37,22,9,31,13,12,30,28,
2016,38,34,6,29,45,36,4,47,
2016,39,10,43,21,35,30,4,7,
2016,40,8,45,34,21,25,32,31,
2016,41,43,6,3,38,44,13,31,
2016,42,33,48,21,46,28,25,10,
2016,43,46,27,25,21,44,14,3,
2016,44,28,35,45,46,24,16,38,
2016,45,48,5,30,45,34,8,3,
2016,46,3,15,5,39,41,14,21,
2016,47,46,2,16,35,10,47,49,
2016,48,25,28,3,45,1,27,12,
2016,49,44,28,20,49,11,29,40,
2016,50,36,27,12,7,15,6,29,
2016,51,40,20,26,28,32,45,43,
2016,52,27,49,12,20,4,19,21,
2016,53,25,2,46,11,28,36,42,
2016,54,23,24,19,40,1,32,35,
2016,55,37,2,20,39,8,24,18,
2016,56,44,23,25,6,13,48,11,
2016,57,35,34,33,14,18,46,42,
2016,58,36,15,46,48,9,38,22,
2016,59,21,36,23,33,42,32,20,
2016,60,24,38,39,21,36,44,49,
2016,61,19,3,34,26,24,4,38,
2016,62,16,8,38,21,32,48,11,
2016,63,12,5,49,20,8,2,47,
2016,64,13,4,34,48,36,42,19,
2016,65,23,14,10,40,29,42,11,
2016,66,49,30,36,13,44,15,37,
2016,67,48,45,19,22,29,27,4,
2016,68,8,12,4,5,34,37,24,
2016,69,9,39,20,21,10,38,49,
2016,70,9,35,48,49,21,6,29,
2016,71,15,38,42,43,22,10,18,
2016,72,30,7,32,23,13,48,36,
2016,73,16,5,6,2,7,29,35,
2016,74,16,2,33,37,8,32,5,
2016,75,17,6,13,1,44,34,38,
2016,76,14,31,44,21,38,13,22,
2016,77,7,19,20,31,30,28,29,
2016,78,31,32,45,12,20,35,18,
2016,79,36,21,16,38,47,30,48,
2016,80,34,16,24,2,7,1,36,
2016,81,7,27,46,47,21,33,4,
2016,82,41,10,44,11,46,22,35,
2016,83,31,11,39,44,26,18,24,
2016,84,3,49,14,17,21,28,12,
2016,85,47,12,35,39,20,24,15,
2016,86,33,9,48,35,29,21,28,
2016,87,12,11,19,7,21,39,49,
2016,88,41,10,47,45,16,34,7,
2016,89,40,2,23,17,36,32,3,
2016,90,5,13,34,39,22,9,40,
2016,91,30,23,38,10,19,11,13,
2016,92,23,44,11,47,3,4,24,
2016,93,5,46,14,20,12,27,26,
2016,94,20,45,46,17,22,3,30,
2016,95,3,28,15,48,2,46,33,
2016,96,43,44,16,14,25,24,3,
2016,97,47,20,35,40,4,34,3,
2016,98,13,3,6,37,24,43,30,
2016,99,31,42,21,34,14,20,25,
2016,100,49,8,30,11,13,34,2,
2016,101,38,25,8,26,43,28,22,
2016,102,15,33,43,41,11,48,27,
2016,103,4,3,48,26,45,5,14,
2016,104,38,32,46,16,7,37,22,
2016,105,49,1,38,19,21,13,23,
2016,106,25,49,34,35,24,44,30,
2016,107,21,18,42,25,3,31,26,
2016,108,19,44,41,16,27,4,25,
2016,109,47,5,44,43,38,30,14,
2016,110,34,44,43,1,20,17,42,
2016,111,23,16,28,12,19,32,27,
2016,112,48,41,20,14,33,28,40,
2016,113,46,7,34,21,8,22,6,
2016,114,28,6,40,38,2,10,30,
2016,115,19,5,48,11,33,13,34,
2016,116,36,45,49,28,12,26,9,
2016,117,19,24,36,16,28,42,13,
2016,118,16,40,27,2,9,32,46,
2016,119,40,28,27,12,7,18,10,
2016,120,28,27,30,8,41,38,12,
2016,121,7,45,28,2,15,4,19,
2016,122,3,13,43,20,12,33,35,
2016,123,22,29,17,8,7,12,14,
2016,124,35,16,8,44,17,34,41,
2016,125,26,32,38,47,22,43,42,
2016,126,2,36,33,21,1,31,8,
2016,127,38,14,22,18,30,6,47,
2016,128,9,39,31,46,42,12,48,
2016,129,3,11,6,5,42,34,28,
2016,130,17,46,3,39,49,38,37,
2016,131,2,16,27,34,41,29,42,
2016,132,18,15,17,10,27,40,26,
2016,133,45,28,18,5,30,26,33,
2016,134,42,6,37,2,24,23,32,
2016,135,13,40,16,12,38,18,5,
2016,136,49,3,24,9,38,31,41,
2016,137,2,1,4,3,10,7,33,
2016,138,11,22,4,49,18,24,25,
2016,139,15,24,37,21,9,18,16,
2016,140,47,23,30,13,8,48,7,
2016,141,32,3,49,29,17,7,11,
2016,142,39,37,24,9,26,28,29,
2016,143,34,22,33,7,39,32,45,
2016,144,14,44,26,38,7,31,37,
2016,145,19,34,33,15,20,32,23,
2016,146,10,28,26,21,38,3,29,
2016,147,32,28,37,34,48,5,39,
2016,148,16,14,4,25,35,32,47,
2016,149,10,43,26,3,4,37,41,
2016,150,21,2,11,17,13,15,26,
2016,151,9,8,28,17,15,12,33,
2017,1,22,29,37,11,4,46,18,
2017,2,5,36,20,14,49,21,39,
2017,3,10,14,7,29,45,46,19,
2017,4,26,14,2,39,7,38,12,
2017,5,43,30,27,40,18,25,6,
2017,6,44,22,37,48,6,1,35,
2017,7,42,47,27,26,28,36,33,
2017,8,23,43,1,13,35,2,18,
2017,9,8,49,37,28,27,38,33,
2017,10,27,23,2,5,43,36,20,
2017,11,13,24,29,44,31,28,10,
2017,12,30,40,34,8,25,15,42,
2017,13,23,14,35,13,29,18,45,
2017,14,40,7,14,25,28,33,26,
2017,15,6,22,25,11,33,32,24,
2017,16,45,12,3,13,24,19,40,
2017,17,21,7,30,26,47,38,15,
2017,18,3,46,28,21,14,16,26,
2017,19,34,23,41,44,8,5,7,
2017,20,5,8,17,12,20,37,45,
2017,21,29,32,13,1,44,7,20,
2017,22,46,32,34,15,16,13,10,
2017,23,26,25,20,4,12,19,8,
2017,24,44,20,24,42,34,15,7,
2017,25,13,6,31,45,43,42,34,
2017,26,29,10,22,18,32,23,45,
2017,27,14,18,19,2,43,40,42,
2017,28,44,35,41,25,19,17,26,
2017,29,32,4,20,1,39,27,15,
2017,30,36,44,2,35,32,33,48,
2017,31,19,11,48,40,1,2,4,
2017,32,46,2,23,17,13,30,8,
2017,33,20,46,8,12,37,25,2,
2017,34,5,41,33,47,14,17,16,
2017,35,9,48,23,10,30,38,16,
2017,36,40,2,35,9,36,21,44,
2017,37,18,48,21,38,19,30,7,
2017,38,20,34,44,36,7,17,23,
2017,39,41,3,9,40,19,33,26,
2017,40,46,4,21,45,39,24,40,
2017,41,11,30,27,14,2,20,19,
2017,42,31,17,22,29,30,14,38,
2017,43,25,10,26,38,4,49,34,
2017,44,1,29,33,4,5,44,39,
2017,45,4,18,10,11,29,38,28,
2017,46,11,34,9,29,23,1,6,
2017,47,49,22,46,1,21,45,14,
2017,48,17,49,48,16,21,42,37,
2017,49,5,31,48,14,8,22,33,
2017,50,41,20,1,27,31,22,2,
2017,51,32,36,46,17,4,21,27,
2017,52,9,3,35,13,34,1,27,
2017,53,22,31,6,45,23,36,12,
2017,54,46,38,16,22,9,40,11,
2017,55,12,33,7,18,27,1,20,
2017,56,7,5,15,10,1,9,3,
2017,57,20,28,11,7,49,41,32,
2017,58,17,3,2,48,34,38,14,
2017,59,46,29,7,13,17,23,49,
2017,60,40,48,39,27,23,26,7,
2017,61,5,18,43,22,7,33,27,
2017,62,37,38,27,32,14,18,1,
2017,63,23,28,45,18,36,4,33,
2017,64,33,24,15,25,40,11,42,
2017,65,30,47,49,26,24,8,35,
2017,66,11,23,8,29,15,24,6,
2017,67,23,1,18,13,30,44,42,
2017,68,34,21,49,46,27,23,44,
2017,69,19,2,5,1,12,18,44,
2017,70,9,34,42,39,49,46,32,
2017,71,15,20,45,35,25,18,34,
2017,72,31,49,20,21,18,27,45,
2017,73,30,3,28,42,32,37,11,
2017,74,12,24,48,40,30,44,8,
2017,75,29,11,37,16,27,26,19,
2017,76,9,39,4,33,27,42,35,
2017,77,15,5,38,27,26,2,18,
2017,78,30,7,2,8,10,6,28,
2017,79,21,8,36,11,3,48,37,
2017,80,43,22,45,1,20,11,35,
2017,81,29,4,41,27,25,5,18,
2017,82,29,43,48,35,42,34,26,
2017,83,14,6,32,40,46,33,10,
2017,84,12,25,9,34,5,26,21,
2017,85,36,4,6,27,47,49,3,
2017,86,8,33,15,47,37,9,1,
2017,87,42,37,3,44,31,4,40,
2017,88,37,30,15,11,43,25,17,
2017,89,37,25,26,36,32,10,46,
2017,90,24,18,6,35,40,22,36,
2017,91,35,14,48,32,39,25,31,
2017,92,10,25,8,37,28,33,7,
2017,93,22,18,25,33,32,42,29,
2017,94,4,3,15,45,38,25,28,
2017,95,4,20,7,3,19,23,27,
2017,96,44,5,21,29,24,43,42,
2017,97,34,2,32,43,45,23,22,
2017,98,4,33,23,40,43,24,15,
2017,99,4,47,21,10,7,28,17,
2017,100,34,36,35,16,46,40,31,
2017,101,12,34,24,26,48,44,4,
2017,102,17,37,33,12,25,18,29,
2017,103,5,27,1,24,11,23,15,
2017,104,30,8,1,2,43,39,19,
2017,105,46,27,41,10,19,29,17,
2017,106,4,23,39,29,18,7,49,
2017,107,38,49,30,21,23,44,37,
2017,108,41,25,42,49,26,34,1,
2017,109,23,36,16,47,3,12,33,
2017,110,11,34,7,12,36,30,17,
2017,111,39,1,4,32,5,3,10,
2017,112,25,22,36,1,30,13,4,
2017,113,2,31,27,33,19,10,16,
2017,114,7,24,26,45,39,18,44,
2017,115,11,19,49,20,2,33,6,
2017,116,46,8,22,35,19,1,30,
2017,117,22,23,46,10,26,16,25,
2017,118,45,48,3,38,6,24,5,
2017,119,22,26,6,17,45,32,24,
2017,120,6,16,11,1,8,12,41,
2017,121,2,30,4,35,47,19,25,
2017,122,24,49,28,19,12,8,37,
2017,123,43,8,45,30,18,16,27,
2017,124,16,9,29,8,1,42,49,
2017,125,38,4,29,35,20,5,36,
2017,126,16,18,7,44,26,22,9,
2017,127,49,21,26,35,45,29,41,
2017,128,20,40,5,32,36,18,7,
2017,129,32,30,23,33,43,44,28,
2017,130,19,40,35,18,3,38,48,
2017,131,46,32,49,3,36,48,29,
2017,132,28,37,22,16,12,36,45,
2017,133,28,1,20,33,43,15,18,
2017,134,34,46,40,20,8,3,24,
2017,135,26,24,30,19,41,36,43,
2017,136,8,36,43,35,27,30,31,
2017,137,4,37,42,39,30,3,32,
2017,138,5,28,16,40,13,41,2,
2017,139,9,23,6,40,36,8,19,
2017,140,10,38,47,4,32,35,49,
2017,141,27,14,38,7,19,28,46,
2017,142,20,44,9,14,18,7,29,
2017,143,25,39,47,37,34,1,18,
2017,144,22,48,38,24,35,29,30,
2017,145,48,38,15,29,34,4,30,
2017,146,7,34,10,35,25,20,8,
2017,147,1,3,6,9,24,28,36,
2017,148,44,49,38,33,9,3,24,
2017,149,47,30,21,28,14,22,3,
2017,150,34,39,47,1,16,26,11,
2017,151,37,2,7,30,16,28,12,
2017,152,46,15,40,44,17,23,11,
2017,153,13,1,25,38,36,22,37,
2018,1,28,42,18,39,12,35,36,
2018,2,1,36,31,49,12,21,23,
2018,3,47,49,31,29,3,43,19,
2018,4,27,37,2,36,21,30,4,
2018,5,5,23,27,24,2,34,8,
2018,6,41,27,32,37,20,3,44,
2018,7,47,14,40,3,36,23,20,
2018,8,45,26,17,43,33,8,40,
2018,9,40,4,7,11,49,12,25,
2018,10,47,20,23,49,26,29,39,
2018,11,49,12,4,25,2,40,8,
2018,12,28,35,3,48,26,19,32,
2018,13,13,37,28,22,16,41,34,
2018,14,33,9,45,1,2,27,38,
2018,15,42,27,9,32,18,2,12,
2018,16,43,32,21,45,1,19,34,
2018,17,44,3,42,5,25,43,2,
2018,18,12,4,39,20,19,30,5,
2018,19,45,34,17,42,20,38,5,
2018,20,43,31,24,13,28,41,16,
2018,21,29,18,17,15,14,2,1,
2018,22,28,11,6,10,43,23,21,
2018,23,37,17,19,11,35,2,20,
2018,24,6,48,44,43,1,30,7,
2018,25,18,26,19,7,39,27,2,
2018,26,34,16,25,20,42,5,2,
2018,27,35,25,16,38,13,49,33,
2018,28,33,6,47,40,4,23,30,
2018,29,22,42,3,29,45,27,10,
2018,30,18,46,21,10,33,29,36,
2018,31,12,23,45,19,28,35,6,
2018,32,5,24,30,27,47,12,43,
2018,33,16,13,19,18,9,34,21,
2018,34,41,49,31,46,21,29,36,
2018,35,39,19,40,24,29,42,30,
2018,36,31,4,20,23,43,27,3,
2018,37,15,43,48,34,1,23,25,
2018,38,1,11,41,37,2,9,18,
2018,39,40,12,14,36,38,15,42,
2018,40,8,3,16,22,32,28,24,
2018,41,49,33,20,40,45,21,43,
2018,42,44,28,10,14,30,42,35,
2018,43,33,21,41,20,12,28,9,
2018,44,20,45,8,35,12,33,42,
2018,45,21,18,15,17,2,44,14,
2018,46,21,25,20,10,1,5,43,
2018,47,31,12,34,32,24,30,41,
2018,48,24,44,45,3,40,49,8,
2018,49,31,18,28,3,40,14,38,
2018,50,12,19,31,49,36,25,11,
2018,51,19,9,21,6,23,1,43,
2018,52,9,44,8,5,19,32,39,
2018,53,23,3,30,16,43,46,26,
2018,54,36,29,37,23,47,14,25,
2018,55,31,22,12,33,7,14,38,
2018,56,7,13,11,5,4,12,18,
2018,57,12,1,44,22,42,40,28,
2018,58,22,11,45,3,6,46,1,
2018,59,40,28,33,49,5,3,32,
2018,60,15,33,30,4,38,41,16,
2018,61,24,34,45,6,40,10,9,
2018,62,43,32,38,5,36,34,25,
2018,63,41,49,35,23,46,11,47,
2018,64,31,30,40,42,34,41,33,
2018,65,2,10,24,35,39,28,27,
2018,66,48,20,1,7,21,35,22,
2018,67,7,42,2,31,21,33,24,
2018,68,33,16,31,24,23,34,18,
2018,69,16,46,18,2,9,24,47,
2018,70,8,17,7,42,12,33,26,
2018,71,6,45,38,29,23,13,41,
2018,72,16,6,5,30,18,32,27,
2018,73,22,49,3,45,21,41,10,
2018,74,34,40,13,1,38,20,29,
2018,75,8,40,26,46,20,17,19,
2018,76,8,49,6,41,29,38,2,
2018,77,5,8,1,7,30,33,22,
2018,78,33,13,7,36,22,27,45,
2018,79,41,6,36,48,10,32,47,
2018,80,25,42,12,16,23,40,20,
2018,81,37,14,15,13,44,38,40,
2018,82,37,32,17,27,16,2,12,
2018,83,37,46,49,32,44,22,38,
2018,84,43,11,7,26,5,30,17,
2018,85,36,43,46,24,27,44,30,
2018,86,5,11,35,34,45,3,28,
2018,87,37,34,4,23,15,48,30,
2018,88,21,46,47,4,39,25,12,
2018,89,10,8,34,11,20,21,13,
2018,90,49,47,11,1,25,38,37,
2018,91,38,49,37,32,43,42,24,
2018,92,41,27,9,29,16,13,37,
2018,93,2,47,14,42,37,24,20,
2018,94,40,3,10,47,28,18,4,
2018,95,14,38,12,30,22,44,34,
2018,96,4,3,48,28,31,19,27,
2018,97,26,46,18,30,36,9,2,
2018,98,44,23,21,15,4,46,13,
2018,99,10,20,45,35,26,13,37,
2018,100,44,5,36,47,4,33,13,
2018,101,30,49,26,38,17,33,47,
2018,102,41,46,7,9,12,18,33,
2018,103,38,45,47,31,49,36,37,
2018,104,14,20,41,39,22,48,35,
2018,105,6,4,48,11,37,33,41,
2018,106,11,18,32,23,48,9,26,
2018,107,17,6,40,26,41,5,46,
2018,108,40,32,21,2,23,13,30,
2018,109,14,20,22,24,5,48,4,
2018,110,48,49,17,14,30,46,36,
2018,111,38,31,37,34,35,9,16,
2018,112,13,49,28,18,23,33,19,
2018,113,34,35,45,19,13,46,27,
2018,114,49,35,39,44,10,2,8,
2018,115,45,18,44,7,27,9,15,
2018,116,42,19,29,7,39,9,41,
2018,117,43,24,8,34,21,14,1,
2018,118,45,7,11,19,46,32,37,
2018,119,22,42,13,25,10,40,5,
2018,120,36,44,17,20,34,6,15,
2018,121,20,25,27,29,6,13,21,
2018,122,45,1,15,5,39,47,43,
2018,123,10,42,34,4,7,22,38,
2018,124,32,16,9,15,13,20,12,
2018,125,44,19,24,38,39,4,46,
2018,126,1,8,23,46,47,22,12,
2018,127,16,9,47,24,40,22,17,
2018,128,26,44,24,49,6,36,8,
2018,129,37,8,34,35,22,30,29,
2018,130,29,40,41,32,2,10,44,
2018,131,5,43,9,14,42,12,45,
2018,132,14,4,35,12,17,29,38,
2018,133,22,26,16,48,18,15,34,
2018,134,25,34,3,30,13,8,32,
2018,135,15,29,27,38,8,7,39,
2018,136,14,43,34,31,36,25,35,
2018,137,2,39,29,38,20,32,47,
2018,138,8,31,11,14,20,22,19,
2018,139,20,32,40,46,8,44,34,
2018,140,40,27,45,48,29,20,43,
2018,141,33,8,42,7,10,20,22,
2018,142,21,15,1,23,33,24,39,
2018,143,5,37,33,36,30,10,22,
2018,144,33,10,1,13,11,30,45,
2018,145,12,13,7,8,4,26,42,
2018,146,20,49,48,46,33,7,4,
2018,147,32,16,47,2,14,41,23,
2018,148,4,35,17,1,22,23,37,
2018,149,33,6,46,13,7,35,43,
2019,1,25,23,45,30,8,32,24,
2019,2,23,13,19,45,16,12,2,
2019,3,40,4,23,5,12,30,10,
2019,4,7,31,28,6,36,43,23,
2019,5,35,48,18,37,49,10,27,
2019,6,44,33,16,17,10,48,7,
2019,7,16,18,28,35,41,36,37,
2019,8,34,47,24,13,31,44,8,
2019,9,30,33,3,19,25,48,44,
2019,10,46,41,18,33,43,11,36,
2019,11,46,14,45,41,27,29,21,
2019,12,14,45,3,10,24,32,29,
2019,13,22,26,31,33,41,18,27,
2019,14,5,35,13,6,34,19,39,
2019,15,15,19,4,29,2,11,1,
